--------------------------------------------------------
--  File created - woensdag-november-11-2015   
--------------------------------------------------------
DROP TABLE "DBI259530"."TADMIN" cascade constraints;
DROP TABLE "DBI259530"."TAFSPRAAK" cascade constraints;
DROP TABLE "DBI259530"."TANTWOORD" cascade constraints;
DROP TABLE "DBI259530"."TCHATBERICHT" cascade constraints;
DROP TABLE "DBI259530"."TCLIENT" cascade constraints;
DROP TABLE "DBI259530"."TDAG" cascade constraints;
DROP TABLE "DBI259530"."TGESPREK" cascade constraints;
DROP TABLE "DBI259530"."TQUESTION" cascade constraints;
DROP TABLE "DBI259530"."TREVIEW" cascade constraints;
DROP TABLE "DBI259530"."TROOSTER" cascade constraints;
DROP TABLE "DBI259530"."TUSER" cascade constraints;
DROP TABLE "DBI259530"."TVERVOER" cascade constraints;
DROP TABLE "DBI259530"."TVOLUNTEER" cascade constraints;
DROP SEQUENCE "DBI259530"."SEQ_ADMIN";
DROP SEQUENCE "DBI259530"."SEQ_AFSPRAAK";
DROP SEQUENCE "DBI259530"."SEQ_ANTWOORD";
DROP SEQUENCE "DBI259530"."SEQ_CHATBERICHT";
DROP SEQUENCE "DBI259530"."SEQ_CLIENT";
DROP SEQUENCE "DBI259530"."SEQ_DAG";
DROP SEQUENCE "DBI259530"."SEQ_GESPREK";
DROP SEQUENCE "DBI259530"."SEQ_QUESTION";
DROP SEQUENCE "DBI259530"."SEQ_REVIEW";
DROP SEQUENCE "DBI259530"."SEQ_ROOSTER";
DROP SEQUENCE "DBI259530"."SEQ_USER";
DROP SEQUENCE "DBI259530"."SEQ_VERVOER";
DROP SEQUENCE "DBI259530"."SEQ_VOLUNTEER";
--------------------------------------------------------
--  DDL for Sequence SEQ_ADMIN
--------------------------------------------------------

   CREATE SEQUENCE  "DBI259530"."SEQ_ADMIN"  MINVALUE 1 MAXVALUE 9999999999999999999999999999 INCREMENT BY 1 START WITH 1 CACHE 10 NOORDER  NOCYCLE ;
--------------------------------------------------------
--  DDL for Sequence SEQ_AFSPRAAK
--------------------------------------------------------

   CREATE SEQUENCE  "DBI259530"."SEQ_AFSPRAAK"  MINVALUE 1 MAXVALUE 9999999999999999999999999999 INCREMENT BY 1 START WITH 11 CACHE 10 NOORDER  NOCYCLE ;
--------------------------------------------------------
--  DDL for Sequence SEQ_ANTWOORD
--------------------------------------------------------

   CREATE SEQUENCE  "DBI259530"."SEQ_ANTWOORD"  MINVALUE 1 MAXVALUE 9999999999999999999999999999 INCREMENT BY 1 START WITH 1 CACHE 10 NOORDER  NOCYCLE ;
--------------------------------------------------------
--  DDL for Sequence SEQ_CHATBERICHT
--------------------------------------------------------

   CREATE SEQUENCE  "DBI259530"."SEQ_CHATBERICHT"  MINVALUE 1 MAXVALUE 9999999999999999999999999999 INCREMENT BY 1 START WITH 541 CACHE 10 NOORDER  NOCYCLE ;
--------------------------------------------------------
--  DDL for Sequence SEQ_CLIENT
--------------------------------------------------------

   CREATE SEQUENCE  "DBI259530"."SEQ_CLIENT"  MINVALUE 1 MAXVALUE 9999999999999999999999999999 INCREMENT BY 1 START WITH 1 CACHE 10 NOORDER  NOCYCLE ;
--------------------------------------------------------
--  DDL for Sequence SEQ_DAG
--------------------------------------------------------

   CREATE SEQUENCE  "DBI259530"."SEQ_DAG"  MINVALUE 1 MAXVALUE 9999999999999999999999999999 INCREMENT BY 1 START WITH 1 CACHE 10 NOORDER  NOCYCLE ;
--------------------------------------------------------
--  DDL for Sequence SEQ_GESPREK
--------------------------------------------------------

   CREATE SEQUENCE  "DBI259530"."SEQ_GESPREK"  MINVALUE 1 MAXVALUE 9999999999999999999999999999 INCREMENT BY 1 START WITH 21 CACHE 10 NOORDER  NOCYCLE ;
--------------------------------------------------------
--  DDL for Sequence SEQ_QUESTION
--------------------------------------------------------

   CREATE SEQUENCE  "DBI259530"."SEQ_QUESTION"  MINVALUE 1 MAXVALUE 9999999999999999999999999999 INCREMENT BY 1 START WITH 71 CACHE 10 NOORDER  NOCYCLE ;
--------------------------------------------------------
--  DDL for Sequence SEQ_REVIEW
--------------------------------------------------------

   CREATE SEQUENCE  "DBI259530"."SEQ_REVIEW"  MINVALUE 1 MAXVALUE 9999999999999999999999999999 INCREMENT BY 1 START WITH 11 CACHE 10 NOORDER  NOCYCLE ;
--------------------------------------------------------
--  DDL for Sequence SEQ_ROOSTER
--------------------------------------------------------

   CREATE SEQUENCE  "DBI259530"."SEQ_ROOSTER"  MINVALUE 1 MAXVALUE 9999999999999999999999999999 INCREMENT BY 1 START WITH 21 CACHE 10 NOORDER  NOCYCLE ;
--------------------------------------------------------
--  DDL for Sequence SEQ_USER
--------------------------------------------------------

   CREATE SEQUENCE  "DBI259530"."SEQ_USER"  MINVALUE 1 MAXVALUE 9999999999999999999999999999 INCREMENT BY 1 START WITH 41 CACHE 10 NOORDER  NOCYCLE ;
--------------------------------------------------------
--  DDL for Sequence SEQ_VERVOER
--------------------------------------------------------

   CREATE SEQUENCE  "DBI259530"."SEQ_VERVOER"  MINVALUE 1 MAXVALUE 9999999999999999999999999999 INCREMENT BY 1 START WITH 1 CACHE 10 NOORDER  NOCYCLE ;
--------------------------------------------------------
--  DDL for Sequence SEQ_VOLUNTEER
--------------------------------------------------------

   CREATE SEQUENCE  "DBI259530"."SEQ_VOLUNTEER"  MINVALUE 1 MAXVALUE 9999999999999999999999999999 INCREMENT BY 1 START WITH 21 CACHE 10 NOORDER  NOCYCLE ;
--------------------------------------------------------
--  DDL for Table TADMIN
--------------------------------------------------------

  CREATE TABLE "DBI259530"."TADMIN" 
   (	"ADMINID" NUMBER(8,0)
   ) SEGMENT CREATION DEFERRED 
  PCTFREE 10 PCTUSED 40 INITRANS 1 MAXTRANS 255 NOCOMPRESS LOGGING
  TABLESPACE "USERS" ;
--------------------------------------------------------
--  DDL for Table TAFSPRAAK
--------------------------------------------------------

  CREATE TABLE "DBI259530"."TAFSPRAAK" 
   (	"AFSPRAAKID" NUMBER(8,0), 
	"CLIENT" NUMBER(8,0), 
	"VOLUNTEER" NUMBER(8,0), 
	"DATUMTIJD" VARCHAR2(255 BYTE), 
	"LOCATIE" VARCHAR2(255 BYTE)
   ) SEGMENT CREATION IMMEDIATE 
  PCTFREE 10 PCTUSED 40 INITRANS 1 MAXTRANS 255 NOCOMPRESS LOGGING
  STORAGE(INITIAL 65536 NEXT 1048576 MINEXTENTS 1 MAXEXTENTS 2147483645
  PCTINCREASE 0 FREELISTS 1 FREELIST GROUPS 1 BUFFER_POOL DEFAULT FLASH_CACHE DEFAULT CELL_FLASH_CACHE DEFAULT)
  TABLESPACE "USERS" ;
--------------------------------------------------------
--  DDL for Table TANTWOORD
--------------------------------------------------------

  CREATE TABLE "DBI259530"."TANTWOORD" 
   (	"ANTWOORDID" NUMBER(8,0), 
	"NAAM" VARCHAR2(255 BYTE), 
	"INHOUD" VARCHAR2(255 BYTE), 
	"REISTIJD" VARCHAR2(255 BYTE), 
	"VERVOER" VARCHAR2(255 BYTE), 
	"VERVOERID" NUMBER(8,0)
   ) SEGMENT CREATION DEFERRED 
  PCTFREE 10 PCTUSED 40 INITRANS 1 MAXTRANS 255 NOCOMPRESS LOGGING
  TABLESPACE "USERS" ;
--------------------------------------------------------
--  DDL for Table TCHATBERICHT
--------------------------------------------------------

  CREATE TABLE "DBI259530"."TCHATBERICHT" 
   (	"BERICHTID" NUMBER(8,0), 
	"AFZENDER" NUMBER(8,0), 
	"BERICHT" VARCHAR2(255 BYTE), 
	"GESPREKID" NUMBER(8,0), 
	"DATUM" DATE
   ) SEGMENT CREATION IMMEDIATE 
  PCTFREE 10 PCTUSED 40 INITRANS 1 MAXTRANS 255 NOCOMPRESS LOGGING
  STORAGE(INITIAL 65536 NEXT 1048576 MINEXTENTS 1 MAXEXTENTS 2147483645
  PCTINCREASE 0 FREELISTS 1 FREELIST GROUPS 1 BUFFER_POOL DEFAULT FLASH_CACHE DEFAULT CELL_FLASH_CACHE DEFAULT)
  TABLESPACE "USERS" ;
--------------------------------------------------------
--  DDL for Table TCLIENT
--------------------------------------------------------

  CREATE TABLE "DBI259530"."TCLIENT" 
   (	"CLIENTID" NUMBER(8,0), 
	"AFSPRAAKID" NUMBER(8,0), 
	"REVIEWID" NUMBER(8,0), 
	"GESPREKID" NUMBER(8,0)
   ) SEGMENT CREATION DEFERRED 
  PCTFREE 10 PCTUSED 40 INITRANS 1 MAXTRANS 255 NOCOMPRESS LOGGING
  TABLESPACE "USERS" ;
--------------------------------------------------------
--  DDL for Table TDAG
--------------------------------------------------------

  CREATE TABLE "DBI259530"."TDAG" 
   (	"DAGID" NUMBER(8,0), 
	"DAG" VARCHAR2(255 BYTE), 
	"BEGINTIJD" VARCHAR2(255 BYTE), 
	"EINDTIJD" VARCHAR2(255 BYTE)
   ) SEGMENT CREATION DEFERRED 
  PCTFREE 10 PCTUSED 40 INITRANS 1 MAXTRANS 255 NOCOMPRESS LOGGING
  TABLESPACE "USERS" ;
--------------------------------------------------------
--  DDL for Table TGESPREK
--------------------------------------------------------

  CREATE TABLE "DBI259530"."TGESPREK" 
   (	"GESPREKID" NUMBER(8,0), 
	"USERID1" NUMBER(8,0), 
	"USERID2" NUMBER(8,0)
   ) SEGMENT CREATION IMMEDIATE 
  PCTFREE 10 PCTUSED 40 INITRANS 1 MAXTRANS 255 NOCOMPRESS LOGGING
  STORAGE(INITIAL 65536 NEXT 1048576 MINEXTENTS 1 MAXEXTENTS 2147483645
  PCTINCREASE 0 FREELISTS 1 FREELIST GROUPS 1 BUFFER_POOL DEFAULT FLASH_CACHE DEFAULT CELL_FLASH_CACHE DEFAULT)
  TABLESPACE "USERS" ;
--------------------------------------------------------
--  DDL for Table TQUESTION
--------------------------------------------------------

  CREATE TABLE "DBI259530"."TQUESTION" 
   (	"QUESTIONID" NUMBER(8,0), 
	"AUTEUR" NUMBER(8,0), 
	"VRAAG" VARCHAR2(3072 BYTE), 
	"BIJZONDERHEID" VARCHAR2(255 BYTE), 
	"LOCATIE" VARCHAR2(255 BYTE), 
	"AFSTAND" VARCHAR2(255 BYTE), 
	"VERVOER" VARCHAR2(255 BYTE), 
	"OPGELOST" VARCHAR2(3 BYTE), 
	"DATUM" DATE, 
	"ANTWOORD" VARCHAR2(1024 BYTE), 
	"VOLUNTEERID" NUMBER(8,0)
   ) SEGMENT CREATION IMMEDIATE 
  PCTFREE 10 PCTUSED 40 INITRANS 1 MAXTRANS 255 NOCOMPRESS LOGGING
  STORAGE(INITIAL 65536 NEXT 1048576 MINEXTENTS 1 MAXEXTENTS 2147483645
  PCTINCREASE 0 FREELISTS 1 FREELIST GROUPS 1 BUFFER_POOL DEFAULT FLASH_CACHE DEFAULT CELL_FLASH_CACHE DEFAULT)
  TABLESPACE "USERS" ;
--------------------------------------------------------
--  DDL for Table TREVIEW
--------------------------------------------------------

  CREATE TABLE "DBI259530"."TREVIEW" 
   (	"REVIEWID" NUMBER(8,0), 
	"VOLUNTEER" NUMBER(8,0), 
	"CLIENT" NUMBER(8,0), 
	"RATING" NUMBER(1,0), 
	"TEKST" VARCHAR2(1024 BYTE), 
	"DATUM" DATE
   ) SEGMENT CREATION IMMEDIATE 
  PCTFREE 10 PCTUSED 40 INITRANS 1 MAXTRANS 255 NOCOMPRESS LOGGING
  STORAGE(INITIAL 65536 NEXT 1048576 MINEXTENTS 1 MAXEXTENTS 2147483645
  PCTINCREASE 0 FREELISTS 1 FREELIST GROUPS 1 BUFFER_POOL DEFAULT FLASH_CACHE DEFAULT CELL_FLASH_CACHE DEFAULT)
  TABLESPACE "USERS" ;
--------------------------------------------------------
--  DDL for Table TROOSTER
--------------------------------------------------------

  CREATE TABLE "DBI259530"."TROOSTER" 
   (	"ROOSTERID" NUMBER(8,0), 
	"USERID" NUMBER(8,0), 
	"MAANDAG" VARCHAR2(32 BYTE), 
	"DINSDAG" VARCHAR2(32 BYTE), 
	"WOENSDAG" VARCHAR2(32 BYTE), 
	"DONDERDAG" VARCHAR2(32 BYTE), 
	"VRIJDAG" VARCHAR2(32 BYTE), 
	"ZATERDAG" VARCHAR2(32 BYTE), 
	"ZONDAG" VARCHAR2(32 BYTE)
   ) SEGMENT CREATION IMMEDIATE 
  PCTFREE 10 PCTUSED 40 INITRANS 1 MAXTRANS 255 NOCOMPRESS LOGGING
  STORAGE(INITIAL 65536 NEXT 1048576 MINEXTENTS 1 MAXEXTENTS 2147483645
  PCTINCREASE 0 FREELISTS 1 FREELIST GROUPS 1 BUFFER_POOL DEFAULT FLASH_CACHE DEFAULT CELL_FLASH_CACHE DEFAULT)
  TABLESPACE "USERS" ;
--------------------------------------------------------
--  DDL for Table TUSER
--------------------------------------------------------

  CREATE TABLE "DBI259530"."TUSER" 
   (	"USERID" NUMBER(8,0), 
	"NAAM" VARCHAR2(255 BYTE), 
	"GEBOORTEDATUM" DATE, 
	"GESLACHT" VARCHAR2(255 BYTE), 
	"WOONPLAATS" VARCHAR2(255 BYTE), 
	"ADRES" VARCHAR2(255 BYTE), 
	"EMAIL" VARCHAR2(255 BYTE), 
	"WACHTWOORD" VARCHAR2(255 BYTE), 
	"TYPE" VARCHAR2(255 BYTE)
   ) SEGMENT CREATION IMMEDIATE 
  PCTFREE 10 PCTUSED 40 INITRANS 1 MAXTRANS 255 NOCOMPRESS LOGGING
  STORAGE(INITIAL 65536 NEXT 1048576 MINEXTENTS 1 MAXEXTENTS 2147483645
  PCTINCREASE 0 FREELISTS 1 FREELIST GROUPS 1 BUFFER_POOL DEFAULT FLASH_CACHE DEFAULT CELL_FLASH_CACHE DEFAULT)
  TABLESPACE "USERS" ;
--------------------------------------------------------
--  DDL for Table TVERVOER
--------------------------------------------------------

  CREATE TABLE "DBI259530"."TVERVOER" 
   (	"VERVOERID" NUMBER(8,0), 
	"VERVOERSMMIDDEL" VARCHAR2(255 BYTE), 
	"QUESTIONID" NUMBER(8,0)
   ) SEGMENT CREATION DEFERRED 
  PCTFREE 10 PCTUSED 40 INITRANS 1 MAXTRANS 255 NOCOMPRESS LOGGING
  TABLESPACE "USERS" ;
--------------------------------------------------------
--  DDL for Table TVOLUNTEER
--------------------------------------------------------

  CREATE TABLE "DBI259530"."TVOLUNTEER" 
   (	"VOLUNTEERID" NUMBER(8,0), 
	"RIJBEWIJS" VARCHAR2(3 BYTE), 
	"BIOGRAFIE" VARCHAR2(255 BYTE), 
	"VOG" VARCHAR2(255 BYTE), 
	"FOTO" VARCHAR2(255 BYTE), 
	"USERID" NUMBER(8,0)
   ) SEGMENT CREATION IMMEDIATE 
  PCTFREE 10 PCTUSED 40 INITRANS 1 MAXTRANS 255 NOCOMPRESS LOGGING
  STORAGE(INITIAL 65536 NEXT 1048576 MINEXTENTS 1 MAXEXTENTS 2147483645
  PCTINCREASE 0 FREELISTS 1 FREELIST GROUPS 1 BUFFER_POOL DEFAULT FLASH_CACHE DEFAULT CELL_FLASH_CACHE DEFAULT)
  TABLESPACE "USERS" ;
REM INSERTING into DBI259530.TADMIN
SET DEFINE OFF;
REM INSERTING into DBI259530.TAFSPRAAK
SET DEFINE OFF;
Insert into DBI259530.TAFSPRAAK (AFSPRAAKID,CLIENT,VOLUNTEER,DATUMTIJD,LOCATIE) values ('1','5','12','vrijdag 13 november 2015','Rachelsmolen 1');
Insert into DBI259530.TAFSPRAAK (AFSPRAAKID,CLIENT,VOLUNTEER,DATUMTIJD,LOCATIE) values ('2','5','12','11-11-2015 22:32:12','test opnieuw');
commit;
REM INSERTING into DBI259530.TANTWOORD
SET DEFINE OFF;
REM INSERTING into DBI259530.TCHATBERICHT
SET DEFINE OFF;
Insert into DBI259530.TCHATBERICHT (BERICHTID,AFZENDER,BERICHT,GESPREKID,DATUM) values ('33','5','lol','1',to_date('09-11-15','DD-MM-RR'));
Insert into DBI259530.TCHATBERICHT (BERICHTID,AFZENDER,BERICHT,GESPREKID,DATUM) values ('39','5','lol','1',to_date('09-11-15','DD-MM-RR'));
Insert into DBI259530.TCHATBERICHT (BERICHTID,AFZENDER,BERICHT,GESPREKID,DATUM) values ('56','12','oh zo ja','1',to_date('09-11-15','DD-MM-RR'));
Insert into DBI259530.TCHATBERICHT (BERICHTID,AFZENDER,BERICHT,GESPREKID,DATUM) values ('18','12','nice lol','1',to_date('09-11-15','DD-MM-RR'));
Insert into DBI259530.TCHATBERICHT (BERICHTID,AFZENDER,BERICHT,GESPREKID,DATUM) values ('20','5','en versturen met enter toets','1',to_date('09-11-15','DD-MM-RR'));
Insert into DBI259530.TCHATBERICHT (BERICHTID,AFZENDER,BERICHT,GESPREKID,DATUM) values ('67','5','ik ga nog kijken of die lag kan fixen','1',to_date('09-11-15','DD-MM-RR'));
Insert into DBI259530.TCHATBERICHT (BERICHTID,AFZENDER,BERICHT,GESPREKID,DATUM) values ('71','12',':P','1',to_date('09-11-15','DD-MM-RR'));
Insert into DBI259530.TCHATBERICHT (BERICHTID,AFZENDER,BERICHT,GESPREKID,DATUM) values ('75','12','hey','1',to_date('09-11-15','DD-MM-RR'));
Insert into DBI259530.TCHATBERICHT (BERICHTID,AFZENDER,BERICHT,GESPREKID,DATUM) values ('79','5','asdklasd','1',to_date('09-11-15','DD-MM-RR'));
Insert into DBI259530.TCHATBERICHT (BERICHTID,AFZENDER,BERICHT,GESPREKID,DATUM) values ('83','5','d','1',to_date('09-11-15','DD-MM-RR'));
Insert into DBI259530.TCHATBERICHT (BERICHTID,AFZENDER,BERICHT,GESPREKID,DATUM) values ('86','5','d','1',to_date('09-11-15','DD-MM-RR'));
Insert into DBI259530.TCHATBERICHT (BERICHTID,AFZENDER,BERICHT,GESPREKID,DATUM) values ('92','12','hij werkt nu\','1',to_date('09-11-15','DD-MM-RR'));
Insert into DBI259530.TCHATBERICHT (BERICHTID,AFZENDER,BERICHT,GESPREKID,DATUM) values ('115','12','oh met alle oude berichten','1',to_date('09-11-15','DD-MM-RR'));
Insert into DBI259530.TCHATBERICHT (BERICHTID,AFZENDER,BERICHT,GESPREKID,DATUM) values ('119','5','en schijt aan de rest','1',to_date('09-11-15','DD-MM-RR'));
Insert into DBI259530.TCHATBERICHT (BERICHTID,AFZENDER,BERICHT,GESPREKID,DATUM) values ('120','12','ja','1',to_date('09-11-15','DD-MM-RR'));
Insert into DBI259530.TCHATBERICHT (BERICHTID,AFZENDER,BERICHT,GESPREKID,DATUM) values ('121','5','maarja dat is makkelijk te maken','1',to_date('09-11-15','DD-MM-RR'));
Insert into DBI259530.TCHATBERICHT (BERICHTID,AFZENDER,BERICHT,GESPREKID,DATUM) values ('125','12','is chat weer leeg','1',to_date('09-11-15','DD-MM-RR'));
Insert into DBI259530.TCHATBERICHT (BERICHTID,AFZENDER,BERICHT,GESPREKID,DATUM) values ('137','12','zie het bij to - do','1',to_date('09-11-15','DD-MM-RR'));
Insert into DBI259530.TCHATBERICHT (BERICHTID,AFZENDER,BERICHT,GESPREKID,DATUM) values ('141','12','klsuit deze chat ff af','1',to_date('09-11-15','DD-MM-RR'));
Insert into DBI259530.TCHATBERICHT (BERICHTID,AFZENDER,BERICHT,GESPREKID,DATUM) values ('155','5','ekjrjrekgjer','1',to_date('11-11-15','DD-MM-RR'));
Insert into DBI259530.TCHATBERICHT (BERICHTID,AFZENDER,BERICHT,GESPREKID,DATUM) values ('156','12','hey','1',to_date('11-11-15','DD-MM-RR'));
Insert into DBI259530.TCHATBERICHT (BERICHTID,AFZENDER,BERICHT,GESPREKID,DATUM) values ('167','12','f','1',to_date('11-11-15','DD-MM-RR'));
Insert into DBI259530.TCHATBERICHT (BERICHTID,AFZENDER,BERICHT,GESPREKID,DATUM) values ('171','12','f','1',to_date('11-11-15','DD-MM-RR'));
Insert into DBI259530.TCHATBERICHT (BERICHTID,AFZENDER,BERICHT,GESPREKID,DATUM) values ('173','12','f','1',to_date('11-11-15','DD-MM-RR'));
Insert into DBI259530.TCHATBERICHT (BERICHTID,AFZENDER,BERICHT,GESPREKID,DATUM) values ('175','12','f','1',to_date('11-11-15','DD-MM-RR'));
Insert into DBI259530.TCHATBERICHT (BERICHTID,AFZENDER,BERICHT,GESPREKID,DATUM) values ('178','5','bro','1',to_date('11-11-15','DD-MM-RR'));
Insert into DBI259530.TCHATBERICHT (BERICHTID,AFZENDER,BERICHT,GESPREKID,DATUM) values ('199','5','dd','1',to_date('11-11-15','DD-MM-RR'));
Insert into DBI259530.TCHATBERICHT (BERICHTID,AFZENDER,BERICHT,GESPREKID,DATUM) values ('202','5','d','1',to_date('11-11-15','DD-MM-RR'));
Insert into DBI259530.TCHATBERICHT (BERICHTID,AFZENDER,BERICHT,GESPREKID,DATUM) values ('206','5','d','1',to_date('11-11-15','DD-MM-RR'));
Insert into DBI259530.TCHATBERICHT (BERICHTID,AFZENDER,BERICHT,GESPREKID,DATUM) values ('215','5','sd','1',to_date('11-11-15','DD-MM-RR'));
Insert into DBI259530.TCHATBERICHT (BERICHTID,AFZENDER,BERICHT,GESPREKID,DATUM) values ('222','12','f','1',to_date('11-11-15','DD-MM-RR'));
Insert into DBI259530.TCHATBERICHT (BERICHTID,AFZENDER,BERICHT,GESPREKID,DATUM) values ('226','12','f','1',to_date('11-11-15','DD-MM-RR'));
Insert into DBI259530.TCHATBERICHT (BERICHTID,AFZENDER,BERICHT,GESPREKID,DATUM) values ('240','12','jo','1',to_date('11-11-15','DD-MM-RR'));
Insert into DBI259530.TCHATBERICHT (BERICHTID,AFZENDER,BERICHT,GESPREKID,DATUM) values ('254','2','jo','11',to_date('11-11-15','DD-MM-RR'));
Insert into DBI259530.TCHATBERICHT (BERICHTID,AFZENDER,BERICHT,GESPREKID,DATUM) values ('260','2','jo','11',to_date('11-11-15','DD-MM-RR'));
Insert into DBI259530.TCHATBERICHT (BERICHTID,AFZENDER,BERICHT,GESPREKID,DATUM) values ('263','21','JE','11',to_date('11-11-15','DD-MM-RR'));
Insert into DBI259530.TCHATBERICHT (BERICHTID,AFZENDER,BERICHT,GESPREKID,DATUM) values ('266','21','HAHA','11',to_date('11-11-15','DD-MM-RR'));
Insert into DBI259530.TCHATBERICHT (BERICHTID,AFZENDER,BERICHT,GESPREKID,DATUM) values ('270','21','GE','11',to_date('11-11-15','DD-MM-RR'));
Insert into DBI259530.TCHATBERICHT (BERICHTID,AFZENDER,BERICHT,GESPREKID,DATUM) values ('274','21','REG','11',to_date('11-11-15','DD-MM-RR'));
Insert into DBI259530.TCHATBERICHT (BERICHTID,AFZENDER,BERICHT,GESPREKID,DATUM) values ('279','21','R','11',to_date('11-11-15','DD-MM-RR'));
Insert into DBI259530.TCHATBERICHT (BERICHTID,AFZENDER,BERICHT,GESPREKID,DATUM) values ('284','21','REG','11',to_date('11-11-15','DD-MM-RR'));
Insert into DBI259530.TCHATBERICHT (BERICHTID,AFZENDER,BERICHT,GESPREKID,DATUM) values ('289','2','heeft jeroen gemaakt','11',to_date('11-11-15','DD-MM-RR'));
Insert into DBI259530.TCHATBERICHT (BERICHTID,AFZENDER,BERICHT,GESPREKID,DATUM) values ('291','21','HAHAH','11',to_date('11-11-15','DD-MM-RR'));
Insert into DBI259530.TCHATBERICHT (BERICHTID,AFZENDER,BERICHT,GESPREKID,DATUM) values ('293','21','E','11',to_date('11-11-15','DD-MM-RR'));
Insert into DBI259530.TCHATBERICHT (BERICHTID,AFZENDER,BERICHT,GESPREKID,DATUM) values ('297','21','ERG','11',to_date('11-11-15','DD-MM-RR'));
Insert into DBI259530.TCHATBERICHT (BERICHTID,AFZENDER,BERICHT,GESPREKID,DATUM) values ('298','21','G','11',to_date('11-11-15','DD-MM-RR'));
Insert into DBI259530.TCHATBERICHT (BERICHTID,AFZENDER,BERICHT,GESPREKID,DATUM) values ('300','21','ER','11',to_date('11-11-15','DD-MM-RR'));
Insert into DBI259530.TCHATBERICHT (BERICHTID,AFZENDER,BERICHT,GESPREKID,DATUM) values ('308','21','REG','11',to_date('11-11-15','DD-MM-RR'));
Insert into DBI259530.TCHATBERICHT (BERICHTID,AFZENDER,BERICHT,GESPREKID,DATUM) values ('309','21','RE','11',to_date('11-11-15','DD-MM-RR'));
Insert into DBI259530.TCHATBERICHT (BERICHTID,AFZENDER,BERICHT,GESPREKID,DATUM) values ('326','21','G','11',to_date('11-11-15','DD-MM-RR'));
Insert into DBI259530.TCHATBERICHT (BERICHTID,AFZENDER,BERICHT,GESPREKID,DATUM) values ('330','21','G','11',to_date('11-11-15','DD-MM-RR'));
Insert into DBI259530.TCHATBERICHT (BERICHTID,AFZENDER,BERICHT,GESPREKID,DATUM) values ('335','21','REG','11',to_date('11-11-15','DD-MM-RR'));
Insert into DBI259530.TCHATBERICHT (BERICHTID,AFZENDER,BERICHT,GESPREKID,DATUM) values ('340','21','GRGRE','11',to_date('11-11-15','DD-MM-RR'));
Insert into DBI259530.TCHATBERICHT (BERICHTID,AFZENDER,BERICHT,GESPREKID,DATUM) values ('345','21','ER','11',to_date('11-11-15','DD-MM-RR'));
Insert into DBI259530.TCHATBERICHT (BERICHTID,AFZENDER,BERICHT,GESPREKID,DATUM) values ('355','21','RE','11',to_date('11-11-15','DD-MM-RR'));
Insert into DBI259530.TCHATBERICHT (BERICHTID,AFZENDER,BERICHT,GESPREKID,DATUM) values ('358','21','EG','11',to_date('11-11-15','DD-MM-RR'));
Insert into DBI259530.TCHATBERICHT (BERICHTID,AFZENDER,BERICHT,GESPREKID,DATUM) values ('367','21','E','11',to_date('11-11-15','DD-MM-RR'));
Insert into DBI259530.TCHATBERICHT (BERICHTID,AFZENDER,BERICHT,GESPREKID,DATUM) values ('371','21','F','11',to_date('11-11-15','DD-MM-RR'));
Insert into DBI259530.TCHATBERICHT (BERICHTID,AFZENDER,BERICHT,GESPREKID,DATUM) values ('372','21','ERG','11',to_date('11-11-15','DD-MM-RR'));
Insert into DBI259530.TCHATBERICHT (BERICHTID,AFZENDER,BERICHT,GESPREKID,DATUM) values ('375','21','R','11',to_date('11-11-15','DD-MM-RR'));
Insert into DBI259530.TCHATBERICHT (BERICHTID,AFZENDER,BERICHT,GESPREKID,DATUM) values ('382','2','g','11',to_date('11-11-15','DD-MM-RR'));
Insert into DBI259530.TCHATBERICHT (BERICHTID,AFZENDER,BERICHT,GESPREKID,DATUM) values ('383','21','RR','11',to_date('11-11-15','DD-MM-RR'));
Insert into DBI259530.TCHATBERICHT (BERICHTID,AFZENDER,BERICHT,GESPREKID,DATUM) values ('384','2','g','11',to_date('11-11-15','DD-MM-RR'));
Insert into DBI259530.TCHATBERICHT (BERICHTID,AFZENDER,BERICHT,GESPREKID,DATUM) values ('385','2','g','11',to_date('11-11-15','DD-MM-RR'));
Insert into DBI259530.TCHATBERICHT (BERICHTID,AFZENDER,BERICHT,GESPREKID,DATUM) values ('402','21','R','11',to_date('11-11-15','DD-MM-RR'));
Insert into DBI259530.TCHATBERICHT (BERICHTID,AFZENDER,BERICHT,GESPREKID,DATUM) values ('407','21','R','11',to_date('11-11-15','DD-MM-RR'));
Insert into DBI259530.TCHATBERICHT (BERICHTID,AFZENDER,BERICHT,GESPREKID,DATUM) values ('410','21','R','11',to_date('11-11-15','DD-MM-RR'));
Insert into DBI259530.TCHATBERICHT (BERICHTID,AFZENDER,BERICHT,GESPREKID,DATUM) values ('411','2','ffg','11',to_date('11-11-15','DD-MM-RR'));
Insert into DBI259530.TCHATBERICHT (BERICHTID,AFZENDER,BERICHT,GESPREKID,DATUM) values ('417','2','dfg','11',to_date('11-11-15','DD-MM-RR'));
Insert into DBI259530.TCHATBERICHT (BERICHTID,AFZENDER,BERICHT,GESPREKID,DATUM) values ('421','21','R','11',to_date('11-11-15','DD-MM-RR'));
Insert into DBI259530.TCHATBERICHT (BERICHTID,AFZENDER,BERICHT,GESPREKID,DATUM) values ('435','2','g','11',to_date('11-11-15','DD-MM-RR'));
Insert into DBI259530.TCHATBERICHT (BERICHTID,AFZENDER,BERICHT,GESPREKID,DATUM) values ('441','2','g','11',to_date('11-11-15','DD-MM-RR'));
Insert into DBI259530.TCHATBERICHT (BERICHTID,AFZENDER,BERICHT,GESPREKID,DATUM) values ('448','21','RRT','11',to_date('11-11-15','DD-MM-RR'));
Insert into DBI259530.TCHATBERICHT (BERICHTID,AFZENDER,BERICHT,GESPREKID,DATUM) values ('456','2','g','11',to_date('11-11-15','DD-MM-RR'));
Insert into DBI259530.TCHATBERICHT (BERICHTID,AFZENDER,BERICHT,GESPREKID,DATUM) values ('461','2','g','11',to_date('11-11-15','DD-MM-RR'));
Insert into DBI259530.TCHATBERICHT (BERICHTID,AFZENDER,BERICHT,GESPREKID,DATUM) values ('462','21','RT','11',to_date('11-11-15','DD-MM-RR'));
Insert into DBI259530.TCHATBERICHT (BERICHTID,AFZENDER,BERICHT,GESPREKID,DATUM) values ('470','2','h','11',to_date('11-11-15','DD-MM-RR'));
Insert into DBI259530.TCHATBERICHT (BERICHTID,AFZENDER,BERICHT,GESPREKID,DATUM) values ('475','2','h','11',to_date('11-11-15','DD-MM-RR'));
Insert into DBI259530.TCHATBERICHT (BERICHTID,AFZENDER,BERICHT,GESPREKID,DATUM) values ('480','2','h','11',to_date('11-11-15','DD-MM-RR'));
Insert into DBI259530.TCHATBERICHT (BERICHTID,AFZENDER,BERICHT,GESPREKID,DATUM) values ('491','2','h','11',to_date('11-11-15','DD-MM-RR'));
Insert into DBI259530.TCHATBERICHT (BERICHTID,AFZENDER,BERICHT,GESPREKID,DATUM) values ('492','2','h','11',to_date('11-11-15','DD-MM-RR'));
Insert into DBI259530.TCHATBERICHT (BERICHTID,AFZENDER,BERICHT,GESPREKID,DATUM) values ('494','2','h','11',to_date('11-11-15','DD-MM-RR'));
Insert into DBI259530.TCHATBERICHT (BERICHTID,AFZENDER,BERICHT,GESPREKID,DATUM) values ('498','2','h','11',to_date('11-11-15','DD-MM-RR'));
Insert into DBI259530.TCHATBERICHT (BERICHTID,AFZENDER,BERICHT,GESPREKID,DATUM) values ('499','2','h','11',to_date('11-11-15','DD-MM-RR'));
Insert into DBI259530.TCHATBERICHT (BERICHTID,AFZENDER,BERICHT,GESPREKID,DATUM) values ('23','5','lol','1',to_date('09-11-15','DD-MM-RR'));
Insert into DBI259530.TCHATBERICHT (BERICHTID,AFZENDER,BERICHT,GESPREKID,DATUM) values ('25','5','lol','1',to_date('09-11-15','DD-MM-RR'));
Insert into DBI259530.TCHATBERICHT (BERICHTID,AFZENDER,BERICHT,GESPREKID,DATUM) values ('30','5','lol','1',to_date('09-11-15','DD-MM-RR'));
Insert into DBI259530.TCHATBERICHT (BERICHTID,AFZENDER,BERICHT,GESPREKID,DATUM) values ('35','5','lol','1',to_date('09-11-15','DD-MM-RR'));
Insert into DBI259530.TCHATBERICHT (BERICHTID,AFZENDER,BERICHT,GESPREKID,DATUM) values ('44','5','lol','1',to_date('09-11-15','DD-MM-RR'));
Insert into DBI259530.TCHATBERICHT (BERICHTID,AFZENDER,BERICHT,GESPREKID,DATUM) values ('15','12','kun je dit lezen of :D','1',to_date('09-11-15','DD-MM-RR'));
Insert into DBI259530.TCHATBERICHT (BERICHTID,AFZENDER,BERICHT,GESPREKID,DATUM) values ('16','5','Yo','1',to_date('09-11-15','DD-MM-RR'));
Insert into DBI259530.TCHATBERICHT (BERICHTID,AFZENDER,BERICHT,GESPREKID,DATUM) values ('45','5','ja','1',to_date('09-11-15','DD-MM-RR'));
Insert into DBI259530.TCHATBERICHT (BERICHTID,AFZENDER,BERICHT,GESPREKID,DATUM) values ('48','12','en als je op die enter gedrukt hebt zeg je gwn deze tb = "" :P is 1 min werk fozo :D','1',to_date('09-11-15','DD-MM-RR'));
Insert into DBI259530.TCHATBERICHT (BERICHTID,AFZENDER,BERICHT,GESPREKID,DATUM) values ('57','12','4 uur voor fallout :/','1',to_date('09-11-15','DD-MM-RR'));
Insert into DBI259530.TCHATBERICHT (BERICHTID,AFZENDER,BERICHT,GESPREKID,DATUM) values ('62','12','denk dat ik dan pas maar ff een keer kan spelen','1',to_date('09-11-15','DD-MM-RR'));
Insert into DBI259530.TCHATBERICHT (BERICHTID,AFZENDER,BERICHT,GESPREKID,DATUM) values ('64','5','lol','1',to_date('09-11-15','DD-MM-RR'));
Insert into DBI259530.TCHATBERICHT (BERICHTID,AFZENDER,BERICHT,GESPREKID,DATUM) values ('66','5','kan niet kopieren','1',to_date('09-11-15','DD-MM-RR'));
Insert into DBI259530.TCHATBERICHT (BERICHTID,AFZENDER,BERICHT,GESPREKID,DATUM) values ('68','12','jo','1',to_date('09-11-15','DD-MM-RR'));
Insert into DBI259530.TCHATBERICHT (BERICHTID,AFZENDER,BERICHT,GESPREKID,DATUM) values ('69','12','jo','1',to_date('09-11-15','DD-MM-RR'));
Insert into DBI259530.TCHATBERICHT (BERICHTID,AFZENDER,BERICHT,GESPREKID,DATUM) values ('70','5','TEST DAMNIT','1',to_date('09-11-15','DD-MM-RR'));
commit;
Insert into DBI259530.TCHATBERICHT (BERICHTID,AFZENDER,BERICHT,GESPREKID,DATUM) values ('73','5','nu zou die het moeten doen','1',to_date('09-11-15','DD-MM-RR'));
Insert into DBI259530.TCHATBERICHT (BERICHTID,AFZENDER,BERICHT,GESPREKID,DATUM) values ('76','5','swaglord','1',to_date('09-11-15','DD-MM-RR'));
Insert into DBI259530.TCHATBERICHT (BERICHTID,AFZENDER,BERICHT,GESPREKID,DATUM) values ('87','5','sad','1',to_date('09-11-15','DD-MM-RR'));
Insert into DBI259530.TCHATBERICHT (BERICHTID,AFZENDER,BERICHT,GESPREKID,DATUM) values ('89','5','sa','1',to_date('09-11-15','DD-MM-RR'));
Insert into DBI259530.TCHATBERICHT (BERICHTID,AFZENDER,BERICHT,GESPREKID,DATUM) values ('99','12','ja veeel sneller','1',to_date('09-11-15','DD-MM-RR'));
Insert into DBI259530.TCHATBERICHT (BERICHTID,AFZENDER,BERICHT,GESPREKID,DATUM) values ('105','5','netjes','1',to_date('09-11-15','DD-MM-RR'));
Insert into DBI259530.TCHATBERICHT (BERICHTID,AFZENDER,BERICHT,GESPREKID,DATUM) values ('109','12','ja :D','1',to_date('09-11-15','DD-MM-RR'));
Insert into DBI259530.TCHATBERICHT (BERICHTID,AFZENDER,BERICHT,GESPREKID,DATUM) values ('114','5','en dan gaat die voor elk bericht de bijbehoren gebruiker opvragen','1',to_date('09-11-15','DD-MM-RR'));
Insert into DBI259530.TCHATBERICHT (BERICHTID,AFZENDER,BERICHT,GESPREKID,DATUM) values ('122','12','league of legends heeft dat ook','1',to_date('09-11-15','DD-MM-RR'));
Insert into DBI259530.TCHATBERICHT (BERICHTID,AFZENDER,BERICHT,GESPREKID,DATUM) values ('124','12','als je LoL opnieuw opstart','1',to_date('09-11-15','DD-MM-RR'));
Insert into DBI259530.TCHATBERICHT (BERICHTID,AFZENDER,BERICHT,GESPREKID,DATUM) values ('131','5','yolo','1',to_date('09-11-15','DD-MM-RR'));
Insert into DBI259530.TCHATBERICHT (BERICHTID,AFZENDER,BERICHT,GESPREKID,DATUM) values ('132','12','dus alleen nog die profiel foto enzo','1',to_date('09-11-15','DD-MM-RR'));
Insert into DBI259530.TCHATBERICHT (BERICHTID,AFZENDER,BERICHT,GESPREKID,DATUM) values ('151','12','jo','1',to_date('11-11-15','DD-MM-RR'));
Insert into DBI259530.TCHATBERICHT (BERICHTID,AFZENDER,BERICHT,GESPREKID,DATUM) values ('161','12','f','1',to_date('11-11-15','DD-MM-RR'));
Insert into DBI259530.TCHATBERICHT (BERICHTID,AFZENDER,BERICHT,GESPREKID,DATUM) values ('165','5','sdfnsdf','1',to_date('11-11-15','DD-MM-RR'));
Insert into DBI259530.TCHATBERICHT (BERICHTID,AFZENDER,BERICHT,GESPREKID,DATUM) values ('166','12','f','1',to_date('11-11-15','DD-MM-RR'));
Insert into DBI259530.TCHATBERICHT (BERICHTID,AFZENDER,BERICHT,GESPREKID,DATUM) values ('174','5','stop','1',to_date('11-11-15','DD-MM-RR'));
Insert into DBI259530.TCHATBERICHT (BERICHTID,AFZENDER,BERICHT,GESPREKID,DATUM) values ('180','12','fffffffffff','1',to_date('11-11-15','DD-MM-RR'));
Insert into DBI259530.TCHATBERICHT (BERICHTID,AFZENDER,BERICHT,GESPREKID,DATUM) values ('182','5','no','1',to_date('11-11-15','DD-MM-RR'));
Insert into DBI259530.TCHATBERICHT (BERICHTID,AFZENDER,BERICHT,GESPREKID,DATUM) values ('187','5','DIKKE BMW','1',to_date('11-11-15','DD-MM-RR'));
Insert into DBI259530.TCHATBERICHT (BERICHTID,AFZENDER,BERICHT,GESPREKID,DATUM) values ('193','5','s','1',to_date('11-11-15','DD-MM-RR'));
Insert into DBI259530.TCHATBERICHT (BERICHTID,AFZENDER,BERICHT,GESPREKID,DATUM) values ('197','5','sdfhijs','1',to_date('11-11-15','DD-MM-RR'));
Insert into DBI259530.TCHATBERICHT (BERICHTID,AFZENDER,BERICHT,GESPREKID,DATUM) values ('211','5','sd','1',to_date('11-11-15','DD-MM-RR'));
Insert into DBI259530.TCHATBERICHT (BERICHTID,AFZENDER,BERICHT,GESPREKID,DATUM) values ('212','5','sd','1',to_date('11-11-15','DD-MM-RR'));
Insert into DBI259530.TCHATBERICHT (BERICHTID,AFZENDER,BERICHT,GESPREKID,DATUM) values ('216','12','f','1',to_date('11-11-15','DD-MM-RR'));
Insert into DBI259530.TCHATBERICHT (BERICHTID,AFZENDER,BERICHT,GESPREKID,DATUM) values ('224','5','sd','1',to_date('11-11-15','DD-MM-RR'));
Insert into DBI259530.TCHATBERICHT (BERICHTID,AFZENDER,BERICHT,GESPREKID,DATUM) values ('235','12','f','1',to_date('11-11-15','DD-MM-RR'));
Insert into DBI259530.TCHATBERICHT (BERICHTID,AFZENDER,BERICHT,GESPREKID,DATUM) values ('237','5','sd','1',to_date('11-11-15','DD-MM-RR'));
Insert into DBI259530.TCHATBERICHT (BERICHTID,AFZENDER,BERICHT,GESPREKID,DATUM) values ('238','5','sd','1',to_date('11-11-15','DD-MM-RR'));
Insert into DBI259530.TCHATBERICHT (BERICHTID,AFZENDER,BERICHT,GESPREKID,DATUM) values ('239','12','jo','1',to_date('11-11-15','DD-MM-RR'));
Insert into DBI259530.TCHATBERICHT (BERICHTID,AFZENDER,BERICHT,GESPREKID,DATUM) values ('242','12','jo','1',to_date('11-11-15','DD-MM-RR'));
Insert into DBI259530.TCHATBERICHT (BERICHTID,AFZENDER,BERICHT,GESPREKID,DATUM) values ('249','2','jo','11',to_date('11-11-15','DD-MM-RR'));
Insert into DBI259530.TCHATBERICHT (BERICHTID,AFZENDER,BERICHT,GESPREKID,DATUM) values ('250','2','jo','11',to_date('11-11-15','DD-MM-RR'));
Insert into DBI259530.TCHATBERICHT (BERICHTID,AFZENDER,BERICHT,GESPREKID,DATUM) values ('253','2','jo','11',to_date('11-11-15','DD-MM-RR'));
Insert into DBI259530.TCHATBERICHT (BERICHTID,AFZENDER,BERICHT,GESPREKID,DATUM) values ('258','2','jo','11',to_date('11-11-15','DD-MM-RR'));
Insert into DBI259530.TCHATBERICHT (BERICHTID,AFZENDER,BERICHT,GESPREKID,DATUM) values ('259','2','jo','11',to_date('11-11-15','DD-MM-RR'));
Insert into DBI259530.TCHATBERICHT (BERICHTID,AFZENDER,BERICHT,GESPREKID,DATUM) values ('269','21','ARF''W','11',to_date('11-11-15','DD-MM-RR'));
Insert into DBI259530.TCHATBERICHT (BERICHTID,AFZENDER,BERICHT,GESPREKID,DATUM) values ('275','21','R','11',to_date('11-11-15','DD-MM-RR'));
Insert into DBI259530.TCHATBERICHT (BERICHTID,AFZENDER,BERICHT,GESPREKID,DATUM) values ('280','21','GE','11',to_date('11-11-15','DD-MM-RR'));
Insert into DBI259530.TCHATBERICHT (BERICHTID,AFZENDER,BERICHT,GESPREKID,DATUM) values ('285','21','RE','11',to_date('11-11-15','DD-MM-RR'));
Insert into DBI259530.TCHATBERICHT (BERICHTID,AFZENDER,BERICHT,GESPREKID,DATUM) values ('290','21','MSS WEL HE','11',to_date('11-11-15','DD-MM-RR'));
Insert into DBI259530.TCHATBERICHT (BERICHTID,AFZENDER,BERICHT,GESPREKID,DATUM) values ('310','21','G','11',to_date('11-11-15','DD-MM-RR'));
Insert into DBI259530.TCHATBERICHT (BERICHTID,AFZENDER,BERICHT,GESPREKID,DATUM) values ('312','21','REG','11',to_date('11-11-15','DD-MM-RR'));
Insert into DBI259530.TCHATBERICHT (BERICHTID,AFZENDER,BERICHT,GESPREKID,DATUM) values ('317','21','RE','11',to_date('11-11-15','DD-MM-RR'));
Insert into DBI259530.TCHATBERICHT (BERICHTID,AFZENDER,BERICHT,GESPREKID,DATUM) values ('318','21','G','11',to_date('11-11-15','DD-MM-RR'));
Insert into DBI259530.TCHATBERICHT (BERICHTID,AFZENDER,BERICHT,GESPREKID,DATUM) values ('319','21','REG','11',to_date('11-11-15','DD-MM-RR'));
Insert into DBI259530.TCHATBERICHT (BERICHTID,AFZENDER,BERICHT,GESPREKID,DATUM) values ('324','21','REG','11',to_date('11-11-15','DD-MM-RR'));
Insert into DBI259530.TCHATBERICHT (BERICHTID,AFZENDER,BERICHT,GESPREKID,DATUM) values ('327','21','REG','11',to_date('11-11-15','DD-MM-RR'));
Insert into DBI259530.TCHATBERICHT (BERICHTID,AFZENDER,BERICHT,GESPREKID,DATUM) values ('331','21','RE','11',to_date('11-11-15','DD-MM-RR'));
Insert into DBI259530.TCHATBERICHT (BERICHTID,AFZENDER,BERICHT,GESPREKID,DATUM) values ('336','21','RE','11',to_date('11-11-15','DD-MM-RR'));
Insert into DBI259530.TCHATBERICHT (BERICHTID,AFZENDER,BERICHT,GESPREKID,DATUM) values ('341','21','G','11',to_date('11-11-15','DD-MM-RR'));
Insert into DBI259530.TCHATBERICHT (BERICHTID,AFZENDER,BERICHT,GESPREKID,DATUM) values ('346','21','G','11',to_date('11-11-15','DD-MM-RR'));
Insert into DBI259530.TCHATBERICHT (BERICHTID,AFZENDER,BERICHT,GESPREKID,DATUM) values ('347','2','jgiozdgsdiogdgdf','11',to_date('11-11-15','DD-MM-RR'));
Insert into DBI259530.TCHATBERICHT (BERICHTID,AFZENDER,BERICHT,GESPREKID,DATUM) values ('357','2','gf','11',to_date('11-11-15','DD-MM-RR'));
Insert into DBI259530.TCHATBERICHT (BERICHTID,AFZENDER,BERICHT,GESPREKID,DATUM) values ('360','21','G','11',to_date('11-11-15','DD-MM-RR'));
Insert into DBI259530.TCHATBERICHT (BERICHTID,AFZENDER,BERICHT,GESPREKID,DATUM) values ('362','21','EG','11',to_date('11-11-15','DD-MM-RR'));
Insert into DBI259530.TCHATBERICHT (BERICHTID,AFZENDER,BERICHT,GESPREKID,DATUM) values ('364','21','R','11',to_date('11-11-15','DD-MM-RR'));
Insert into DBI259530.TCHATBERICHT (BERICHTID,AFZENDER,BERICHT,GESPREKID,DATUM) values ('368','2','dfg','11',to_date('11-11-15','DD-MM-RR'));
Insert into DBI259530.TCHATBERICHT (BERICHTID,AFZENDER,BERICHT,GESPREKID,DATUM) values ('379','21','R','11',to_date('11-11-15','DD-MM-RR'));
Insert into DBI259530.TCHATBERICHT (BERICHTID,AFZENDER,BERICHT,GESPREKID,DATUM) values ('381','2','g','11',to_date('11-11-15','DD-MM-RR'));
Insert into DBI259530.TCHATBERICHT (BERICHTID,AFZENDER,BERICHT,GESPREKID,DATUM) values ('391','2','gf','11',to_date('11-11-15','DD-MM-RR'));
Insert into DBI259530.TCHATBERICHT (BERICHTID,AFZENDER,BERICHT,GESPREKID,DATUM) values ('403','21','GR','11',to_date('11-11-15','DD-MM-RR'));
Insert into DBI259530.TCHATBERICHT (BERICHTID,AFZENDER,BERICHT,GESPREKID,DATUM) values ('408','21','R','11',to_date('11-11-15','DD-MM-RR'));
Insert into DBI259530.TCHATBERICHT (BERICHTID,AFZENDER,BERICHT,GESPREKID,DATUM) values ('413','21','R','11',to_date('11-11-15','DD-MM-RR'));
Insert into DBI259530.TCHATBERICHT (BERICHTID,AFZENDER,BERICHT,GESPREKID,DATUM) values ('415','21','R','11',to_date('11-11-15','DD-MM-RR'));
Insert into DBI259530.TCHATBERICHT (BERICHTID,AFZENDER,BERICHT,GESPREKID,DATUM) values ('422','2','gfd','11',to_date('11-11-15','DD-MM-RR'));
Insert into DBI259530.TCHATBERICHT (BERICHTID,AFZENDER,BERICHT,GESPREKID,DATUM) values ('424','21','R','11',to_date('11-11-15','DD-MM-RR'));
Insert into DBI259530.TCHATBERICHT (BERICHTID,AFZENDER,BERICHT,GESPREKID,DATUM) values ('427','21','R','11',to_date('11-11-15','DD-MM-RR'));
Insert into DBI259530.TCHATBERICHT (BERICHTID,AFZENDER,BERICHT,GESPREKID,DATUM) values ('433','2','g','11',to_date('11-11-15','DD-MM-RR'));
Insert into DBI259530.TCHATBERICHT (BERICHTID,AFZENDER,BERICHT,GESPREKID,DATUM) values ('438','21','TH','11',to_date('11-11-15','DD-MM-RR'));
Insert into DBI259530.TCHATBERICHT (BERICHTID,AFZENDER,BERICHT,GESPREKID,DATUM) values ('440','21','RTH','11',to_date('11-11-15','DD-MM-RR'));
Insert into DBI259530.TCHATBERICHT (BERICHTID,AFZENDER,BERICHT,GESPREKID,DATUM) values ('446','2','g','11',to_date('11-11-15','DD-MM-RR'));
Insert into DBI259530.TCHATBERICHT (BERICHTID,AFZENDER,BERICHT,GESPREKID,DATUM) values ('449','21','HTR','11',to_date('11-11-15','DD-MM-RR'));
Insert into DBI259530.TCHATBERICHT (BERICHTID,AFZENDER,BERICHT,GESPREKID,DATUM) values ('452','2','g','11',to_date('11-11-15','DD-MM-RR'));
Insert into DBI259530.TCHATBERICHT (BERICHTID,AFZENDER,BERICHT,GESPREKID,DATUM) values ('464','2','g','11',to_date('11-11-15','DD-MM-RR'));
Insert into DBI259530.TCHATBERICHT (BERICHTID,AFZENDER,BERICHT,GESPREKID,DATUM) values ('469','2','g','11',to_date('11-11-15','DD-MM-RR'));
Insert into DBI259530.TCHATBERICHT (BERICHTID,AFZENDER,BERICHT,GESPREKID,DATUM) values ('472','2','h','11',to_date('11-11-15','DD-MM-RR'));
Insert into DBI259530.TCHATBERICHT (BERICHTID,AFZENDER,BERICHT,GESPREKID,DATUM) values ('474','2','h','11',to_date('11-11-15','DD-MM-RR'));
Insert into DBI259530.TCHATBERICHT (BERICHTID,AFZENDER,BERICHT,GESPREKID,DATUM) values ('487','2','h','11',to_date('11-11-15','DD-MM-RR'));
Insert into DBI259530.TCHATBERICHT (BERICHTID,AFZENDER,BERICHT,GESPREKID,DATUM) values ('488','2','h','11',to_date('11-11-15','DD-MM-RR'));
Insert into DBI259530.TCHATBERICHT (BERICHTID,AFZENDER,BERICHT,GESPREKID,DATUM) values ('490','2','h','11',to_date('11-11-15','DD-MM-RR'));
Insert into DBI259530.TCHATBERICHT (BERICHTID,AFZENDER,BERICHT,GESPREKID,DATUM) values ('500','2','h','11',to_date('11-11-15','DD-MM-RR'));
Insert into DBI259530.TCHATBERICHT (BERICHTID,AFZENDER,BERICHT,GESPREKID,DATUM) values ('512','12','yo','12',to_date('11-11-15','DD-MM-RR'));
Insert into DBI259530.TCHATBERICHT (BERICHTID,AFZENDER,BERICHT,GESPREKID,DATUM) values ('520','25','test','15',to_date('11-11-15','DD-MM-RR'));
Insert into DBI259530.TCHATBERICHT (BERICHTID,AFZENDER,BERICHT,GESPREKID,DATUM) values ('528','25','yolo 5','14',to_date('11-11-15','DD-MM-RR'));
Insert into DBI259530.TCHATBERICHT (BERICHTID,AFZENDER,BERICHT,GESPREKID,DATUM) values ('530','5','yo','15',to_date('11-11-15','DD-MM-RR'));
Insert into DBI259530.TCHATBERICHT (BERICHTID,AFZENDER,BERICHT,GESPREKID,DATUM) values ('24','5','lol','1',to_date('09-11-15','DD-MM-RR'));
Insert into DBI259530.TCHATBERICHT (BERICHTID,AFZENDER,BERICHT,GESPREKID,DATUM) values ('14','12','hey','1',to_date('09-11-15','DD-MM-RR'));
Insert into DBI259530.TCHATBERICHT (BERICHTID,AFZENDER,BERICHT,GESPREKID,DATUM) values ('17','5','Ja lol','1',to_date('09-11-15','DD-MM-RR'));
Insert into DBI259530.TCHATBERICHT (BERICHTID,AFZENDER,BERICHT,GESPREKID,DATUM) values ('28','5','lol','1',to_date('09-11-15','DD-MM-RR'));
Insert into DBI259530.TCHATBERICHT (BERICHTID,AFZENDER,BERICHT,GESPREKID,DATUM) values ('31','5','lol','1',to_date('09-11-15','DD-MM-RR'));
Insert into DBI259530.TCHATBERICHT (BERICHTID,AFZENDER,BERICHT,GESPREKID,DATUM) values ('38','5','lol','1',to_date('09-11-15','DD-MM-RR'));
Insert into DBI259530.TCHATBERICHT (BERICHTID,AFZENDER,BERICHT,GESPREKID,DATUM) values ('42','5','lol','1',to_date('09-11-15','DD-MM-RR'));
Insert into DBI259530.TCHATBERICHT (BERICHTID,AFZENDER,BERICHT,GESPREKID,DATUM) values ('46','5','fix dat nu wel ff','1',to_date('09-11-15','DD-MM-RR'));
Insert into DBI259530.TCHATBERICHT (BERICHTID,AFZENDER,BERICHT,GESPREKID,DATUM) values ('55','5','je kunt in principe al groter maken','1',to_date('09-11-15','DD-MM-RR'));
Insert into DBI259530.TCHATBERICHT (BERICHTID,AFZENDER,BERICHT,GESPREKID,DATUM) values ('58','12','maarja kan het toch niet veel spelen','1',to_date('09-11-15','DD-MM-RR'));
Insert into DBI259530.TCHATBERICHT (BERICHTID,AFZENDER,BERICHT,GESPREKID,DATUM) values ('59','5','haha is pas om 2 uur snachts','1',to_date('09-11-15','DD-MM-RR'));
Insert into DBI259530.TCHATBERICHT (BERICHTID,AFZENDER,BERICHT,GESPREKID,DATUM) values ('61','12','maar tegen de tijd dat ie dan gedownload is etc','1',to_date('09-11-15','DD-MM-RR'));
Insert into DBI259530.TCHATBERICHT (BERICHTID,AFZENDER,BERICHT,GESPREKID,DATUM) values ('77','5','yololaekeka','1',to_date('09-11-15','DD-MM-RR'));
Insert into DBI259530.TCHATBERICHT (BERICHTID,AFZENDER,BERICHT,GESPREKID,DATUM) values ('78','5','aeklaklsd','1',to_date('09-11-15','DD-MM-RR'));
commit;
Insert into DBI259530.TCHATBERICHT (BERICHTID,AFZENDER,BERICHT,GESPREKID,DATUM) values ('90','5','?','1',to_date('09-11-15','DD-MM-RR'));
Insert into DBI259530.TCHATBERICHT (BERICHTID,AFZENDER,BERICHT,GESPREKID,DATUM) values ('93','5','ja','1',to_date('09-11-15','DD-MM-RR'));
Insert into DBI259530.TCHATBERICHT (BERICHTID,AFZENDER,BERICHT,GESPREKID,DATUM) values ('96','5','fml','1',to_date('09-11-15','DD-MM-RR'));
Insert into DBI259530.TCHATBERICHT (BERICHTID,AFZENDER,BERICHT,GESPREKID,DATUM) values ('101','12','alleen ff dikke bmw geluidje erbij','1',to_date('09-11-15','DD-MM-RR'));
Insert into DBI259530.TCHATBERICHT (BERICHTID,AFZENDER,BERICHT,GESPREKID,DATUM) values ('108','5','helemaal goed zo','1',to_date('09-11-15','DD-MM-RR'));
Insert into DBI259530.TCHATBERICHT (BERICHTID,AFZENDER,BERICHT,GESPREKID,DATUM) values ('113','5','hij vraagt die hele tabel op','1',to_date('09-11-15','DD-MM-RR'));
Insert into DBI259530.TCHATBERICHT (BERICHTID,AFZENDER,BERICHT,GESPREKID,DATUM) values ('128','5','of 10','1',to_date('09-11-15','DD-MM-RR'));
Insert into DBI259530.TCHATBERICHT (BERICHTID,AFZENDER,BERICHT,GESPREKID,DATUM) values ('130','5','meer snelheid','1',to_date('09-11-15','DD-MM-RR'));
Insert into DBI259530.TCHATBERICHT (BERICHTID,AFZENDER,BERICHT,GESPREKID,DATUM) values ('153','5','zieke skype 2.0 hier','1',to_date('11-11-15','DD-MM-RR'));
Insert into DBI259530.TCHATBERICHT (BERICHTID,AFZENDER,BERICHT,GESPREKID,DATUM) values ('154','12','best chat ever :D','1',to_date('11-11-15','DD-MM-RR'));
Insert into DBI259530.TCHATBERICHT (BERICHTID,AFZENDER,BERICHT,GESPREKID,DATUM) values ('160','5','4','1',to_date('11-11-15','DD-MM-RR'));
Insert into DBI259530.TCHATBERICHT (BERICHTID,AFZENDER,BERICHT,GESPREKID,DATUM) values ('162','12','f','1',to_date('11-11-15','DD-MM-RR'));
Insert into DBI259530.TCHATBERICHT (BERICHTID,AFZENDER,BERICHT,GESPREKID,DATUM) values ('170','12','f','1',to_date('11-11-15','DD-MM-RR'));
Insert into DBI259530.TCHATBERICHT (BERICHTID,AFZENDER,BERICHT,GESPREKID,DATUM) values ('177','12','f','1',to_date('11-11-15','DD-MM-RR'));
Insert into DBI259530.TCHATBERICHT (BERICHTID,AFZENDER,BERICHT,GESPREKID,DATUM) values ('183','12','f','1',to_date('11-11-15','DD-MM-RR'));
Insert into DBI259530.TCHATBERICHT (BERICHTID,AFZENDER,BERICHT,GESPREKID,DATUM) values ('185','5','n','1',to_date('11-11-15','DD-MM-RR'));
Insert into DBI259530.TCHATBERICHT (BERICHTID,AFZENDER,BERICHT,GESPREKID,DATUM) values ('189','12','nee','1',to_date('11-11-15','DD-MM-RR'));
Insert into DBI259530.TCHATBERICHT (BERICHTID,AFZENDER,BERICHT,GESPREKID,DATUM) values ('191','5','VIA DATABASE G','1',to_date('11-11-15','DD-MM-RR'));
Insert into DBI259530.TCHATBERICHT (BERICHTID,AFZENDER,BERICHT,GESPREKID,DATUM) values ('194','5','s','1',to_date('11-11-15','DD-MM-RR'));
Insert into DBI259530.TCHATBERICHT (BERICHTID,AFZENDER,BERICHT,GESPREKID,DATUM) values ('198','5','sd','1',to_date('11-11-15','DD-MM-RR'));
Insert into DBI259530.TCHATBERICHT (BERICHTID,AFZENDER,BERICHT,GESPREKID,DATUM) values ('203','5','d','1',to_date('11-11-15','DD-MM-RR'));
Insert into DBI259530.TCHATBERICHT (BERICHTID,AFZENDER,BERICHT,GESPREKID,DATUM) values ('209','5','d','1',to_date('11-11-15','DD-MM-RR'));
Insert into DBI259530.TCHATBERICHT (BERICHTID,AFZENDER,BERICHT,GESPREKID,DATUM) values ('210','5','d','1',to_date('11-11-15','DD-MM-RR'));
Insert into DBI259530.TCHATBERICHT (BERICHTID,AFZENDER,BERICHT,GESPREKID,DATUM) values ('217','12','f','1',to_date('11-11-15','DD-MM-RR'));
Insert into DBI259530.TCHATBERICHT (BERICHTID,AFZENDER,BERICHT,GESPREKID,DATUM) values ('220','5','sd','1',to_date('11-11-15','DD-MM-RR'));
Insert into DBI259530.TCHATBERICHT (BERICHTID,AFZENDER,BERICHT,GESPREKID,DATUM) values ('227','12','f','1',to_date('11-11-15','DD-MM-RR'));
Insert into DBI259530.TCHATBERICHT (BERICHTID,AFZENDER,BERICHT,GESPREKID,DATUM) values ('228','5','sd','1',to_date('11-11-15','DD-MM-RR'));
Insert into DBI259530.TCHATBERICHT (BERICHTID,AFZENDER,BERICHT,GESPREKID,DATUM) values ('230','12','f','1',to_date('11-11-15','DD-MM-RR'));
Insert into DBI259530.TCHATBERICHT (BERICHTID,AFZENDER,BERICHT,GESPREKID,DATUM) values ('232','5','sd','1',to_date('11-11-15','DD-MM-RR'));
Insert into DBI259530.TCHATBERICHT (BERICHTID,AFZENDER,BERICHT,GESPREKID,DATUM) values ('234','12','f','1',to_date('11-11-15','DD-MM-RR'));
Insert into DBI259530.TCHATBERICHT (BERICHTID,AFZENDER,BERICHT,GESPREKID,DATUM) values ('248','2','jo','11',to_date('11-11-15','DD-MM-RR'));
Insert into DBI259530.TCHATBERICHT (BERICHTID,AFZENDER,BERICHT,GESPREKID,DATUM) values ('252','2','jo','11',to_date('11-11-15','DD-MM-RR'));
Insert into DBI259530.TCHATBERICHT (BERICHTID,AFZENDER,BERICHT,GESPREKID,DATUM) values ('256','2','jo','11',to_date('11-11-15','DD-MM-RR'));
Insert into DBI259530.TCHATBERICHT (BERICHTID,AFZENDER,BERICHT,GESPREKID,DATUM) values ('257','2','jo','11',to_date('11-11-15','DD-MM-RR'));
Insert into DBI259530.TCHATBERICHT (BERICHTID,AFZENDER,BERICHT,GESPREKID,DATUM) values ('262','21','MSN','11',to_date('11-11-15','DD-MM-RR'));
Insert into DBI259530.TCHATBERICHT (BERICHTID,AFZENDER,BERICHT,GESPREKID,DATUM) values ('268','21','AHAHAJ','11',to_date('11-11-15','DD-MM-RR'));
Insert into DBI259530.TCHATBERICHT (BERICHTID,AFZENDER,BERICHT,GESPREKID,DATUM) values ('276','21','G','11',to_date('11-11-15','DD-MM-RR'));
Insert into DBI259530.TCHATBERICHT (BERICHTID,AFZENDER,BERICHT,GESPREKID,DATUM) values ('281','21','RG','11',to_date('11-11-15','DD-MM-RR'));
Insert into DBI259530.TCHATBERICHT (BERICHTID,AFZENDER,BERICHT,GESPREKID,DATUM) values ('286','21','G','11',to_date('11-11-15','DD-MM-RR'));
Insert into DBI259530.TCHATBERICHT (BERICHTID,AFZENDER,BERICHT,GESPREKID,DATUM) values ('299','21','ERG','11',to_date('11-11-15','DD-MM-RR'));
Insert into DBI259530.TCHATBERICHT (BERICHTID,AFZENDER,BERICHT,GESPREKID,DATUM) values ('301','21','GRE','11',to_date('11-11-15','DD-MM-RR'));
Insert into DBI259530.TCHATBERICHT (BERICHTID,AFZENDER,BERICHT,GESPREKID,DATUM) values ('303','21','REGRE','11',to_date('11-11-15','DD-MM-RR'));
Insert into DBI259530.TCHATBERICHT (BERICHTID,AFZENDER,BERICHT,GESPREKID,DATUM) values ('313','21','ERG','11',to_date('11-11-15','DD-MM-RR'));
Insert into DBI259530.TCHATBERICHT (BERICHTID,AFZENDER,BERICHT,GESPREKID,DATUM) values ('314','21','ER','11',to_date('11-11-15','DD-MM-RR'));
Insert into DBI259530.TCHATBERICHT (BERICHTID,AFZENDER,BERICHT,GESPREKID,DATUM) values ('321','21','ER','11',to_date('11-11-15','DD-MM-RR'));
Insert into DBI259530.TCHATBERICHT (BERICHTID,AFZENDER,BERICHT,GESPREKID,DATUM) values ('322','21','GRE','11',to_date('11-11-15','DD-MM-RR'));
Insert into DBI259530.TCHATBERICHT (BERICHTID,AFZENDER,BERICHT,GESPREKID,DATUM) values ('328','21','RE','11',to_date('11-11-15','DD-MM-RR'));
Insert into DBI259530.TCHATBERICHT (BERICHTID,AFZENDER,BERICHT,GESPREKID,DATUM) values ('332','21','GRE','11',to_date('11-11-15','DD-MM-RR'));
Insert into DBI259530.TCHATBERICHT (BERICHTID,AFZENDER,BERICHT,GESPREKID,DATUM) values ('337','21','G','11',to_date('11-11-15','DD-MM-RR'));
Insert into DBI259530.TCHATBERICHT (BERICHTID,AFZENDER,BERICHT,GESPREKID,DATUM) values ('342','21','ERG','11',to_date('11-11-15','DD-MM-RR'));
Insert into DBI259530.TCHATBERICHT (BERICHTID,AFZENDER,BERICHT,GESPREKID,DATUM) values ('348','2','gf','11',to_date('11-11-15','DD-MM-RR'));
Insert into DBI259530.TCHATBERICHT (BERICHTID,AFZENDER,BERICHT,GESPREKID,DATUM) values ('349','21','REG','11',to_date('11-11-15','DD-MM-RR'));
Insert into DBI259530.TCHATBERICHT (BERICHTID,AFZENDER,BERICHT,GESPREKID,DATUM) values ('350','2','g','11',to_date('11-11-15','DD-MM-RR'));
Insert into DBI259530.TCHATBERICHT (BERICHTID,AFZENDER,BERICHT,GESPREKID,DATUM) values ('354','21','G','11',to_date('11-11-15','DD-MM-RR'));
Insert into DBI259530.TCHATBERICHT (BERICHTID,AFZENDER,BERICHT,GESPREKID,DATUM) values ('359','21','E','11',to_date('11-11-15','DD-MM-RR'));
Insert into DBI259530.TCHATBERICHT (BERICHTID,AFZENDER,BERICHT,GESPREKID,DATUM) values ('365','21','EG','11',to_date('11-11-15','DD-MM-RR'));
Insert into DBI259530.TCHATBERICHT (BERICHTID,AFZENDER,BERICHT,GESPREKID,DATUM) values ('366','21','RG','11',to_date('11-11-15','DD-MM-RR'));
Insert into DBI259530.TCHATBERICHT (BERICHTID,AFZENDER,BERICHT,GESPREKID,DATUM) values ('369','2','dfg','11',to_date('11-11-15','DD-MM-RR'));
Insert into DBI259530.TCHATBERICHT (BERICHTID,AFZENDER,BERICHT,GESPREKID,DATUM) values ('370','21','GHAHWE','11',to_date('11-11-15','DD-MM-RR'));
Insert into DBI259530.TCHATBERICHT (BERICHTID,AFZENDER,BERICHT,GESPREKID,DATUM) values ('373','21','WEG','11',to_date('11-11-15','DD-MM-RR'));
Insert into DBI259530.TCHATBERICHT (BERICHTID,AFZENDER,BERICHT,GESPREKID,DATUM) values ('376','2','g','11',to_date('11-11-15','DD-MM-RR'));
Insert into DBI259530.TCHATBERICHT (BERICHTID,AFZENDER,BERICHT,GESPREKID,DATUM) values ('377','2','d','11',to_date('11-11-15','DD-MM-RR'));
Insert into DBI259530.TCHATBERICHT (BERICHTID,AFZENDER,BERICHT,GESPREKID,DATUM) values ('378','21','R','11',to_date('11-11-15','DD-MM-RR'));
Insert into DBI259530.TCHATBERICHT (BERICHTID,AFZENDER,BERICHT,GESPREKID,DATUM) values ('387','2','g','11',to_date('11-11-15','DD-MM-RR'));
Insert into DBI259530.TCHATBERICHT (BERICHTID,AFZENDER,BERICHT,GESPREKID,DATUM) values ('393','21','R','11',to_date('11-11-15','DD-MM-RR'));
Insert into DBI259530.TCHATBERICHT (BERICHTID,AFZENDER,BERICHT,GESPREKID,DATUM) values ('400','2','df','11',to_date('11-11-15','DD-MM-RR'));
Insert into DBI259530.TCHATBERICHT (BERICHTID,AFZENDER,BERICHT,GESPREKID,DATUM) values ('401','21','WRE','11',to_date('11-11-15','DD-MM-RR'));
Insert into DBI259530.TCHATBERICHT (BERICHTID,AFZENDER,BERICHT,GESPREKID,DATUM) values ('405','21','RR','11',to_date('11-11-15','DD-MM-RR'));
Insert into DBI259530.TCHATBERICHT (BERICHTID,AFZENDER,BERICHT,GESPREKID,DATUM) values ('420','2','df','11',to_date('11-11-15','DD-MM-RR'));
Insert into DBI259530.TCHATBERICHT (BERICHTID,AFZENDER,BERICHT,GESPREKID,DATUM) values ('431','2','g','11',to_date('11-11-15','DD-MM-RR'));
Insert into DBI259530.TCHATBERICHT (BERICHTID,AFZENDER,BERICHT,GESPREKID,DATUM) values ('434','21','H','11',to_date('11-11-15','DD-MM-RR'));
Insert into DBI259530.TCHATBERICHT (BERICHTID,AFZENDER,BERICHT,GESPREKID,DATUM) values ('443','21','TH','11',to_date('11-11-15','DD-MM-RR'));
Insert into DBI259530.TCHATBERICHT (BERICHTID,AFZENDER,BERICHT,GESPREKID,DATUM) values ('444','2','g','11',to_date('11-11-15','DD-MM-RR'));
Insert into DBI259530.TCHATBERICHT (BERICHTID,AFZENDER,BERICHT,GESPREKID,DATUM) values ('445','21','RHTH','11',to_date('11-11-15','DD-MM-RR'));
Insert into DBI259530.TCHATBERICHT (BERICHTID,AFZENDER,BERICHT,GESPREKID,DATUM) values ('453','21','HTR','11',to_date('11-11-15','DD-MM-RR'));
Insert into DBI259530.TCHATBERICHT (BERICHTID,AFZENDER,BERICHT,GESPREKID,DATUM) values ('454','2','gg','11',to_date('11-11-15','DD-MM-RR'));
Insert into DBI259530.TCHATBERICHT (BERICHTID,AFZENDER,BERICHT,GESPREKID,DATUM) values ('466','2','g','11',to_date('11-11-15','DD-MM-RR'));
Insert into DBI259530.TCHATBERICHT (BERICHTID,AFZENDER,BERICHT,GESPREKID,DATUM) values ('468','2','g','11',to_date('11-11-15','DD-MM-RR'));
Insert into DBI259530.TCHATBERICHT (BERICHTID,AFZENDER,BERICHT,GESPREKID,DATUM) values ('471','2','h','11',to_date('11-11-15','DD-MM-RR'));
Insert into DBI259530.TCHATBERICHT (BERICHTID,AFZENDER,BERICHT,GESPREKID,DATUM) values ('476','2','h','11',to_date('11-11-15','DD-MM-RR'));
Insert into DBI259530.TCHATBERICHT (BERICHTID,AFZENDER,BERICHT,GESPREKID,DATUM) values ('479','2','h','11',to_date('11-11-15','DD-MM-RR'));
Insert into DBI259530.TCHATBERICHT (BERICHTID,AFZENDER,BERICHT,GESPREKID,DATUM) values ('482','2','h','11',to_date('11-11-15','DD-MM-RR'));
Insert into DBI259530.TCHATBERICHT (BERICHTID,AFZENDER,BERICHT,GESPREKID,DATUM) values ('496','2','h','11',to_date('11-11-15','DD-MM-RR'));
Insert into DBI259530.TCHATBERICHT (BERICHTID,AFZENDER,BERICHT,GESPREKID,DATUM) values ('497','2','h','11',to_date('11-11-15','DD-MM-RR'));
Insert into DBI259530.TCHATBERICHT (BERICHTID,AFZENDER,BERICHT,GESPREKID,DATUM) values ('502','2','h','11',to_date('11-11-15','DD-MM-RR'));
Insert into DBI259530.TCHATBERICHT (BERICHTID,AFZENDER,BERICHT,GESPREKID,DATUM) values ('503','2','h','11',to_date('11-11-15','DD-MM-RR'));
Insert into DBI259530.TCHATBERICHT (BERICHTID,AFZENDER,BERICHT,GESPREKID,DATUM) values ('509','12','to','1',to_date('11-11-15','DD-MM-RR'));
Insert into DBI259530.TCHATBERICHT (BERICHTID,AFZENDER,BERICHT,GESPREKID,DATUM) values ('514','12','yo','12',to_date('11-11-15','DD-MM-RR'));
Insert into DBI259530.TCHATBERICHT (BERICHTID,AFZENDER,BERICHT,GESPREKID,DATUM) values ('526','25','test','14',to_date('11-11-15','DD-MM-RR'));
Insert into DBI259530.TCHATBERICHT (BERICHTID,AFZENDER,BERICHT,GESPREKID,DATUM) values ('529','25','tolo 6','14',to_date('11-11-15','DD-MM-RR'));
Insert into DBI259530.TCHATBERICHT (BERICHTID,AFZENDER,BERICHT,GESPREKID,DATUM) values ('519','25','test','15',to_date('11-11-15','DD-MM-RR'));
Insert into DBI259530.TCHATBERICHT (BERICHTID,AFZENDER,BERICHT,GESPREKID,DATUM) values ('523','25','test 5','15',to_date('11-11-15','DD-MM-RR'));
Insert into DBI259530.TCHATBERICHT (BERICHTID,AFZENDER,BERICHT,GESPREKID,DATUM) values ('22','12','http://fo4countdown.com/','1',to_date('09-11-15','DD-MM-RR'));
Insert into DBI259530.TCHATBERICHT (BERICHTID,AFZENDER,BERICHT,GESPREKID,DATUM) values ('27','5','lol','1',to_date('09-11-15','DD-MM-RR'));
Insert into DBI259530.TCHATBERICHT (BERICHTID,AFZENDER,BERICHT,GESPREKID,DATUM) values ('13','5','Yo?','1',to_date('09-11-15','DD-MM-RR'));
Insert into DBI259530.TCHATBERICHT (BERICHTID,AFZENDER,BERICHT,GESPREKID,DATUM) values ('19','5','kut moet alleen ff die textbox leegmaken als iets getypt hebt','1',to_date('09-11-15','DD-MM-RR'));
Insert into DBI259530.TCHATBERICHT (BERICHTID,AFZENDER,BERICHT,GESPREKID,DATUM) values ('32','5','lol','1',to_date('09-11-15','DD-MM-RR'));
Insert into DBI259530.TCHATBERICHT (BERICHTID,AFZENDER,BERICHT,GESPREKID,DATUM) values ('34','5','lol','1',to_date('09-11-15','DD-MM-RR'));
Insert into DBI259530.TCHATBERICHT (BERICHTID,AFZENDER,BERICHT,GESPREKID,DATUM) values ('37','5','lol','1',to_date('09-11-15','DD-MM-RR'));
Insert into DBI259530.TCHATBERICHT (BERICHTID,AFZENDER,BERICHT,GESPREKID,DATUM) values ('40','5','lol','1',to_date('09-11-15','DD-MM-RR'));
commit;
Insert into DBI259530.TCHATBERICHT (BERICHTID,AFZENDER,BERICHT,GESPREKID,DATUM) values ('43','12','ja volgens mij mmet die enter toets is redelijk easy','1',to_date('09-11-15','DD-MM-RR'));
Insert into DBI259530.TCHATBERICHT (BERICHTID,AFZENDER,BERICHT,GESPREKID,DATUM) values ('49','12','en als je op die enter gedrukt hebt zeg je gwn deze tb = "" :P is 1 min werk fozo :D','1',to_date('09-11-15','DD-MM-RR'));
Insert into DBI259530.TCHATBERICHT (BERICHTID,AFZENDER,BERICHT,GESPREKID,DATUM) values ('50','12','oh hm berichten moet iets breder zijn','1',to_date('09-11-15','DD-MM-RR'));
Insert into DBI259530.TCHATBERICHT (BERICHTID,AFZENDER,BERICHT,GESPREKID,DATUM) values ('53','5','ik heb nu die enter gefixt','1',to_date('09-11-15','DD-MM-RR'));
Insert into DBI259530.TCHATBERICHT (BERICHTID,AFZENDER,BERICHT,GESPREKID,DATUM) values ('72','5','ik denk dat het komt omdat ie dan twee verbindingen tegelijk wil maken','1',to_date('09-11-15','DD-MM-RR'));
Insert into DBI259530.TCHATBERICHT (BERICHTID,AFZENDER,BERICHT,GESPREKID,DATUM) values ('80','5','asd','1',to_date('09-11-15','DD-MM-RR'));
Insert into DBI259530.TCHATBERICHT (BERICHTID,AFZENDER,BERICHT,GESPREKID,DATUM) values ('84','5','asd','1',to_date('09-11-15','DD-MM-RR'));
Insert into DBI259530.TCHATBERICHT (BERICHTID,AFZENDER,BERICHT,GESPREKID,DATUM) values ('91','12','hey','1',to_date('09-11-15','DD-MM-RR'));
Insert into DBI259530.TCHATBERICHT (BERICHTID,AFZENDER,BERICHT,GESPREKID,DATUM) values ('94','12','maar ik hoor geen geluidje','1',to_date('09-11-15','DD-MM-RR'));
Insert into DBI259530.TCHATBERICHT (BERICHTID,AFZENDER,BERICHT,GESPREKID,DATUM) values ('95','5','ik ook niet meer lol','1',to_date('09-11-15','DD-MM-RR'));
Insert into DBI259530.TCHATBERICHT (BERICHTID,AFZENDER,BERICHT,GESPREKID,DATUM) values ('100','12','dis gwn een fcking goeie chat :D','1',to_date('09-11-15','DD-MM-RR'));
Insert into DBI259530.TCHATBERICHT (BERICHTID,AFZENDER,BERICHT,GESPREKID,DATUM) values ('103','5','ik ga ff code schrijven','1',to_date('09-11-15','DD-MM-RR'));
Insert into DBI259530.TCHATBERICHT (BERICHTID,AFZENDER,BERICHT,GESPREKID,DATUM) values ('104','12','hey','1',to_date('09-11-15','DD-MM-RR'));
Insert into DBI259530.TCHATBERICHT (BERICHTID,AFZENDER,BERICHT,GESPREKID,DATUM) values ('106','5','netjes','1',to_date('09-11-15','DD-MM-RR'));
Insert into DBI259530.TCHATBERICHT (BERICHTID,AFZENDER,BERICHT,GESPREKID,DATUM) values ('107','12','niicee','1',to_date('09-11-15','DD-MM-RR'));
Insert into DBI259530.TCHATBERICHT (BERICHTID,AFZENDER,BERICHT,GESPREKID,DATUM) values ('110','5','alleen als je die chatwindow start moet ik m nog wat sneller maken','1',to_date('09-11-15','DD-MM-RR'));
Insert into DBI259530.TCHATBERICHT (BERICHTID,AFZENDER,BERICHT,GESPREKID,DATUM) values ('123','5','laat het nu maar zo','1',to_date('09-11-15','DD-MM-RR'));
Insert into DBI259530.TCHATBERICHT (BERICHTID,AFZENDER,BERICHT,GESPREKID,DATUM) values ('126','12','dus is wel gwn normaal :P','1',to_date('09-11-15','DD-MM-RR'));
Insert into DBI259530.TCHATBERICHT (BERICHTID,AFZENDER,BERICHT,GESPREKID,DATUM) values ('127','5','ja misschien beter zelf alleen laatste 20 berichten ofzo','1',to_date('09-11-15','DD-MM-RR'));
Insert into DBI259530.TCHATBERICHT (BERICHTID,AFZENDER,BERICHT,GESPREKID,DATUM) values ('133','5','https://trello.com/b/p2VtNB5w/project','1',to_date('09-11-15','DD-MM-RR'));
Insert into DBI259530.TCHATBERICHT (BERICHTID,AFZENDER,BERICHT,GESPREKID,DATUM) values ('136','12','ja zit ik al in','1',to_date('09-11-15','DD-MM-RR'));
Insert into DBI259530.TCHATBERICHT (BERICHTID,AFZENDER,BERICHT,GESPREKID,DATUM) values ('140','12','die client beoordelen op vrijwilliger\','1',to_date('09-11-15','DD-MM-RR'));
Insert into DBI259530.TCHATBERICHT (BERICHTID,AFZENDER,BERICHT,GESPREKID,DATUM) values ('152','5','yolo','1',to_date('11-11-15','DD-MM-RR'));
Insert into DBI259530.TCHATBERICHT (BERICHTID,AFZENDER,BERICHT,GESPREKID,DATUM) values ('157','5','kfsnsdjkf','1',to_date('11-11-15','DD-MM-RR'));
Insert into DBI259530.TCHATBERICHT (BERICHTID,AFZENDER,BERICHT,GESPREKID,DATUM) values ('159','12','f','1',to_date('11-11-15','DD-MM-RR'));
Insert into DBI259530.TCHATBERICHT (BERICHTID,AFZENDER,BERICHT,GESPREKID,DATUM) values ('163','12','f','1',to_date('11-11-15','DD-MM-RR'));
Insert into DBI259530.TCHATBERICHT (BERICHTID,AFZENDER,BERICHT,GESPREKID,DATUM) values ('172','12','f','1',to_date('11-11-15','DD-MM-RR'));
Insert into DBI259530.TCHATBERICHT (BERICHTID,AFZENDER,BERICHT,GESPREKID,DATUM) values ('181','12','f','1',to_date('11-11-15','DD-MM-RR'));
Insert into DBI259530.TCHATBERICHT (BERICHTID,AFZENDER,BERICHT,GESPREKID,DATUM) values ('186','5','n','1',to_date('11-11-15','DD-MM-RR'));
Insert into DBI259530.TCHATBERICHT (BERICHTID,AFZENDER,BERICHT,GESPREKID,DATUM) values ('188','5','swag','1',to_date('11-11-15','DD-MM-RR'));
Insert into DBI259530.TCHATBERICHT (BERICHTID,AFZENDER,BERICHT,GESPREKID,DATUM) values ('190','5','no','1',to_date('11-11-15','DD-MM-RR'));
Insert into DBI259530.TCHATBERICHT (BERICHTID,AFZENDER,BERICHT,GESPREKID,DATUM) values ('195','5','s','1',to_date('11-11-15','DD-MM-RR'));
Insert into DBI259530.TCHATBERICHT (BERICHTID,AFZENDER,BERICHT,GESPREKID,DATUM) values ('200','5','d','1',to_date('11-11-15','DD-MM-RR'));
Insert into DBI259530.TCHATBERICHT (BERICHTID,AFZENDER,BERICHT,GESPREKID,DATUM) values ('205','5','d','1',to_date('11-11-15','DD-MM-RR'));
Insert into DBI259530.TCHATBERICHT (BERICHTID,AFZENDER,BERICHT,GESPREKID,DATUM) values ('207','5','d','1',to_date('11-11-15','DD-MM-RR'));
Insert into DBI259530.TCHATBERICHT (BERICHTID,AFZENDER,BERICHT,GESPREKID,DATUM) values ('208','5','d','1',to_date('11-11-15','DD-MM-RR'));
Insert into DBI259530.TCHATBERICHT (BERICHTID,AFZENDER,BERICHT,GESPREKID,DATUM) values ('213','5','sd','1',to_date('11-11-15','DD-MM-RR'));
Insert into DBI259530.TCHATBERICHT (BERICHTID,AFZENDER,BERICHT,GESPREKID,DATUM) values ('214','12','f','1',to_date('11-11-15','DD-MM-RR'));
Insert into DBI259530.TCHATBERICHT (BERICHTID,AFZENDER,BERICHT,GESPREKID,DATUM) values ('218','12','f','1',to_date('11-11-15','DD-MM-RR'));
Insert into DBI259530.TCHATBERICHT (BERICHTID,AFZENDER,BERICHT,GESPREKID,DATUM) values ('221','12','f','1',to_date('11-11-15','DD-MM-RR'));
Insert into DBI259530.TCHATBERICHT (BERICHTID,AFZENDER,BERICHT,GESPREKID,DATUM) values ('236','5','sd','1',to_date('11-11-15','DD-MM-RR'));
Insert into DBI259530.TCHATBERICHT (BERICHTID,AFZENDER,BERICHT,GESPREKID,DATUM) values ('241','12','jo','1',to_date('11-11-15','DD-MM-RR'));
Insert into DBI259530.TCHATBERICHT (BERICHTID,AFZENDER,BERICHT,GESPREKID,DATUM) values ('245','21','yo','11',to_date('11-11-15','DD-MM-RR'));
Insert into DBI259530.TCHATBERICHT (BERICHTID,AFZENDER,BERICHT,GESPREKID,DATUM) values ('246','2','jop','11',to_date('11-11-15','DD-MM-RR'));
Insert into DBI259530.TCHATBERICHT (BERICHTID,AFZENDER,BERICHT,GESPREKID,DATUM) values ('251','2','jo','11',to_date('11-11-15','DD-MM-RR'));
Insert into DBI259530.TCHATBERICHT (BERICHTID,AFZENDER,BERICHT,GESPREKID,DATUM) values ('267','21','AHHAHAHAHA','11',to_date('11-11-15','DD-MM-RR'));
Insert into DBI259530.TCHATBERICHT (BERICHTID,AFZENDER,BERICHT,GESPREKID,DATUM) values ('272','21','REG','11',to_date('11-11-15','DD-MM-RR'));
Insert into DBI259530.TCHATBERICHT (BERICHTID,AFZENDER,BERICHT,GESPREKID,DATUM) values ('277','21','REG','11',to_date('11-11-15','DD-MM-RR'));
Insert into DBI259530.TCHATBERICHT (BERICHTID,AFZENDER,BERICHT,GESPREKID,DATUM) values ('282','21','ERGRE','11',to_date('11-11-15','DD-MM-RR'));
Insert into DBI259530.TCHATBERICHT (BERICHTID,AFZENDER,BERICHT,GESPREKID,DATUM) values ('287','21','REG','11',to_date('11-11-15','DD-MM-RR'));
Insert into DBI259530.TCHATBERICHT (BERICHTID,AFZENDER,BERICHT,GESPREKID,DATUM) values ('296','21','GRE','11',to_date('11-11-15','DD-MM-RR'));
Insert into DBI259530.TCHATBERICHT (BERICHTID,AFZENDER,BERICHT,GESPREKID,DATUM) values ('302','21','G','11',to_date('11-11-15','DD-MM-RR'));
Insert into DBI259530.TCHATBERICHT (BERICHTID,AFZENDER,BERICHT,GESPREKID,DATUM) values ('307','21','GREG','11',to_date('11-11-15','DD-MM-RR'));
Insert into DBI259530.TCHATBERICHT (BERICHTID,AFZENDER,BERICHT,GESPREKID,DATUM) values ('311','21','REGREG','11',to_date('11-11-15','DD-MM-RR'));
Insert into DBI259530.TCHATBERICHT (BERICHTID,AFZENDER,BERICHT,GESPREKID,DATUM) values ('316','21','RG','11',to_date('11-11-15','DD-MM-RR'));
Insert into DBI259530.TCHATBERICHT (BERICHTID,AFZENDER,BERICHT,GESPREKID,DATUM) values ('323','21','G','11',to_date('11-11-15','DD-MM-RR'));
Insert into DBI259530.TCHATBERICHT (BERICHTID,AFZENDER,BERICHT,GESPREKID,DATUM) values ('325','21','RE','11',to_date('11-11-15','DD-MM-RR'));
Insert into DBI259530.TCHATBERICHT (BERICHTID,AFZENDER,BERICHT,GESPREKID,DATUM) values ('333','21','G','11',to_date('11-11-15','DD-MM-RR'));
Insert into DBI259530.TCHATBERICHT (BERICHTID,AFZENDER,BERICHT,GESPREKID,DATUM) values ('338','21','RE','11',to_date('11-11-15','DD-MM-RR'));
Insert into DBI259530.TCHATBERICHT (BERICHTID,AFZENDER,BERICHT,GESPREKID,DATUM) values ('343','21','ER','11',to_date('11-11-15','DD-MM-RR'));
Insert into DBI259530.TCHATBERICHT (BERICHTID,AFZENDER,BERICHT,GESPREKID,DATUM) values ('351','21','ER','11',to_date('11-11-15','DD-MM-RR'));
Insert into DBI259530.TCHATBERICHT (BERICHTID,AFZENDER,BERICHT,GESPREKID,DATUM) values ('352','21','GRE','11',to_date('11-11-15','DD-MM-RR'));
Insert into DBI259530.TCHATBERICHT (BERICHTID,AFZENDER,BERICHT,GESPREKID,DATUM) values ('361','21','EG','11',to_date('11-11-15','DD-MM-RR'));
Insert into DBI259530.TCHATBERICHT (BERICHTID,AFZENDER,BERICHT,GESPREKID,DATUM) values ('363','2','fdg','11',to_date('11-11-15','DD-MM-RR'));
Insert into DBI259530.TCHATBERICHT (BERICHTID,AFZENDER,BERICHT,GESPREKID,DATUM) values ('374','2','d','11',to_date('11-11-15','DD-MM-RR'));
Insert into DBI259530.TCHATBERICHT (BERICHTID,AFZENDER,BERICHT,GESPREKID,DATUM) values ('386','21','R','11',to_date('11-11-15','DD-MM-RR'));
Insert into DBI259530.TCHATBERICHT (BERICHTID,AFZENDER,BERICHT,GESPREKID,DATUM) values ('388','21','R','11',to_date('11-11-15','DD-MM-RR'));
Insert into DBI259530.TCHATBERICHT (BERICHTID,AFZENDER,BERICHT,GESPREKID,DATUM) values ('395','2','dfd','11',to_date('11-11-15','DD-MM-RR'));
Insert into DBI259530.TCHATBERICHT (BERICHTID,AFZENDER,BERICHT,GESPREKID,DATUM) values ('396','2','dg','11',to_date('11-11-15','DD-MM-RR'));
Insert into DBI259530.TCHATBERICHT (BERICHTID,AFZENDER,BERICHT,GESPREKID,DATUM) values ('397','21','RPGPREGE','11',to_date('11-11-15','DD-MM-RR'));
Insert into DBI259530.TCHATBERICHT (BERICHTID,AFZENDER,BERICHT,GESPREKID,DATUM) values ('398','21','GREG','11',to_date('11-11-15','DD-MM-RR'));
Insert into DBI259530.TCHATBERICHT (BERICHTID,AFZENDER,BERICHT,GESPREKID,DATUM) values ('416','2','dfg','11',to_date('11-11-15','DD-MM-RR'));
Insert into DBI259530.TCHATBERICHT (BERICHTID,AFZENDER,BERICHT,GESPREKID,DATUM) values ('423','21','R','11',to_date('11-11-15','DD-MM-RR'));
Insert into DBI259530.TCHATBERICHT (BERICHTID,AFZENDER,BERICHT,GESPREKID,DATUM) values ('426','2','fg','11',to_date('11-11-15','DD-MM-RR'));
Insert into DBI259530.TCHATBERICHT (BERICHTID,AFZENDER,BERICHT,GESPREKID,DATUM) values ('430','21','RH','11',to_date('11-11-15','DD-MM-RR'));
Insert into DBI259530.TCHATBERICHT (BERICHTID,AFZENDER,BERICHT,GESPREKID,DATUM) values ('436','21','TR','11',to_date('11-11-15','DD-MM-RR'));
Insert into DBI259530.TCHATBERICHT (BERICHTID,AFZENDER,BERICHT,GESPREKID,DATUM) values ('439','2','g','11',to_date('11-11-15','DD-MM-RR'));
Insert into DBI259530.TCHATBERICHT (BERICHTID,AFZENDER,BERICHT,GESPREKID,DATUM) values ('442','21','TRHR','11',to_date('11-11-15','DD-MM-RR'));
Insert into DBI259530.TCHATBERICHT (BERICHTID,AFZENDER,BERICHT,GESPREKID,DATUM) values ('450','2','g','11',to_date('11-11-15','DD-MM-RR'));
Insert into DBI259530.TCHATBERICHT (BERICHTID,AFZENDER,BERICHT,GESPREKID,DATUM) values ('451','21','HRT','11',to_date('11-11-15','DD-MM-RR'));
Insert into DBI259530.TCHATBERICHT (BERICHTID,AFZENDER,BERICHT,GESPREKID,DATUM) values ('455','21','HTTRHR','11',to_date('11-11-15','DD-MM-RR'));
Insert into DBI259530.TCHATBERICHT (BERICHTID,AFZENDER,BERICHT,GESPREKID,DATUM) values ('459','2','g','11',to_date('11-11-15','DD-MM-RR'));
Insert into DBI259530.TCHATBERICHT (BERICHTID,AFZENDER,BERICHT,GESPREKID,DATUM) values ('467','2','g','11',to_date('11-11-15','DD-MM-RR'));
Insert into DBI259530.TCHATBERICHT (BERICHTID,AFZENDER,BERICHT,GESPREKID,DATUM) values ('481','2','h','11',to_date('11-11-15','DD-MM-RR'));
Insert into DBI259530.TCHATBERICHT (BERICHTID,AFZENDER,BERICHT,GESPREKID,DATUM) values ('483','2','h','11',to_date('11-11-15','DD-MM-RR'));
Insert into DBI259530.TCHATBERICHT (BERICHTID,AFZENDER,BERICHT,GESPREKID,DATUM) values ('489','2','h','11',to_date('11-11-15','DD-MM-RR'));
Insert into DBI259530.TCHATBERICHT (BERICHTID,AFZENDER,BERICHT,GESPREKID,DATUM) values ('493','2','h','11',to_date('11-11-15','DD-MM-RR'));
Insert into DBI259530.TCHATBERICHT (BERICHTID,AFZENDER,BERICHT,GESPREKID,DATUM) values ('511','12','yo','12',to_date('11-11-15','DD-MM-RR'));
Insert into DBI259530.TCHATBERICHT (BERICHTID,AFZENDER,BERICHT,GESPREKID,DATUM) values ('513','12','yo','12',to_date('11-11-15','DD-MM-RR'));
Insert into DBI259530.TCHATBERICHT (BERICHTID,AFZENDER,BERICHT,GESPREKID,DATUM) values ('515','12','yo','12',to_date('11-11-15','DD-MM-RR'));
Insert into DBI259530.TCHATBERICHT (BERICHTID,AFZENDER,BERICHT,GESPREKID,DATUM) values ('525','25','test','14',to_date('11-11-15','DD-MM-RR'));
Insert into DBI259530.TCHATBERICHT (BERICHTID,AFZENDER,BERICHT,GESPREKID,DATUM) values ('532','5','saggy','16',to_date('11-11-15','DD-MM-RR'));
Insert into DBI259530.TCHATBERICHT (BERICHTID,AFZENDER,BERICHT,GESPREKID,DATUM) values ('29','5','lol','1',to_date('09-11-15','DD-MM-RR'));
Insert into DBI259530.TCHATBERICHT (BERICHTID,AFZENDER,BERICHT,GESPREKID,DATUM) values ('21','12','http://fo4countdown.com/','1',to_date('09-11-15','DD-MM-RR'));
Insert into DBI259530.TCHATBERICHT (BERICHTID,AFZENDER,BERICHT,GESPREKID,DATUM) values ('26','5','lol','1',to_date('09-11-15','DD-MM-RR'));
Insert into DBI259530.TCHATBERICHT (BERICHTID,AFZENDER,BERICHT,GESPREKID,DATUM) values ('36','5','lol','1',to_date('09-11-15','DD-MM-RR'));
Insert into DBI259530.TCHATBERICHT (BERICHTID,AFZENDER,BERICHT,GESPREKID,DATUM) values ('41','5','lol','1',to_date('09-11-15','DD-MM-RR'));
Insert into DBI259530.TCHATBERICHT (BERICHTID,AFZENDER,BERICHT,GESPREKID,DATUM) values ('47','5','maar had net ook al zieke lag omdat die de hele tijd refresht','1',to_date('09-11-15','DD-MM-RR'));
Insert into DBI259530.TCHATBERICHT (BERICHTID,AFZENDER,BERICHT,GESPREKID,DATUM) values ('51','12','en een geluidje als jeeen berichtje verstuurt :D','1',to_date('09-11-15','DD-MM-RR'));
Insert into DBI259530.TCHATBERICHT (BERICHTID,AFZENDER,BERICHT,GESPREKID,DATUM) values ('52','5','geluidjes ja?','1',to_date('09-11-15','DD-MM-RR'));
commit;
Insert into DBI259530.TCHATBERICHT (BERICHTID,AFZENDER,BERICHT,GESPREKID,DATUM) values ('54','5','en scrollbars','1',to_date('09-11-15','DD-MM-RR'));
Insert into DBI259530.TCHATBERICHT (BERICHTID,AFZENDER,BERICHT,GESPREKID,DATUM) values ('60','12','1 uur :P','1',to_date('09-11-15','DD-MM-RR'));
Insert into DBI259530.TCHATBERICHT (BERICHTID,AFZENDER,BERICHT,GESPREKID,DATUM) values ('63','12','morgen','1',to_date('09-11-15','DD-MM-RR'));
Insert into DBI259530.TCHATBERICHT (BERICHTID,AFZENDER,BERICHT,GESPREKID,DATUM) values ('65','12','https://www.youtube.com/watch?v=JxWnY9KDBtM','1',to_date('09-11-15','DD-MM-RR'));
Insert into DBI259530.TCHATBERICHT (BERICHTID,AFZENDER,BERICHT,GESPREKID,DATUM) values ('74','5','nu zou die het moeten doen','1',to_date('09-11-15','DD-MM-RR'));
Insert into DBI259530.TCHATBERICHT (BERICHTID,AFZENDER,BERICHT,GESPREKID,DATUM) values ('81','5','asd','1',to_date('09-11-15','DD-MM-RR'));
Insert into DBI259530.TCHATBERICHT (BERICHTID,AFZENDER,BERICHT,GESPREKID,DATUM) values ('82','5','as','1',to_date('09-11-15','DD-MM-RR'));
Insert into DBI259530.TCHATBERICHT (BERICHTID,AFZENDER,BERICHT,GESPREKID,DATUM) values ('85','5','as','1',to_date('09-11-15','DD-MM-RR'));
Insert into DBI259530.TCHATBERICHT (BERICHTID,AFZENDER,BERICHT,GESPREKID,DATUM) values ('88','5','asd','1',to_date('09-11-15','DD-MM-RR'));
Insert into DBI259530.TCHATBERICHT (BERICHTID,AFZENDER,BERICHT,GESPREKID,DATUM) values ('97','12','xD','1',to_date('09-11-15','DD-MM-RR'));
Insert into DBI259530.TCHATBERICHT (BERICHTID,AFZENDER,BERICHT,GESPREKID,DATUM) values ('98','5','maar je merkt dat die veel sneller is toch','1',to_date('09-11-15','DD-MM-RR'));
Insert into DBI259530.TCHATBERICHT (BERICHTID,AFZENDER,BERICHT,GESPREKID,DATUM) values ('102','5','ja dat geluid moet en zal werken','1',to_date('09-11-15','DD-MM-RR'));
Insert into DBI259530.TCHATBERICHT (BERICHTID,AFZENDER,BERICHT,GESPREKID,DATUM) values ('111','12','ja hoe komt het eigenlijk','1',to_date('09-11-15','DD-MM-RR'));
Insert into DBI259530.TCHATBERICHT (BERICHTID,AFZENDER,BERICHT,GESPREKID,DATUM) values ('112','12','dat ie er best lang over doet','1',to_date('09-11-15','DD-MM-RR'));
Insert into DBI259530.TCHATBERICHT (BERICHTID,AFZENDER,BERICHT,GESPREKID,DATUM) values ('116','5','dus dan doet die 90+ queries ofzo','1',to_date('09-11-15','DD-MM-RR'));
Insert into DBI259530.TCHATBERICHT (BERICHTID,AFZENDER,BERICHT,GESPREKID,DATUM) values ('117','12','lool','1',to_date('09-11-15','DD-MM-RR'));
Insert into DBI259530.TCHATBERICHT (BERICHTID,AFZENDER,BERICHT,GESPREKID,DATUM) values ('118','5','beter dat die gewoon de laatste 30 berichten laadt ofzo','1',to_date('09-11-15','DD-MM-RR'));
Insert into DBI259530.TCHATBERICHT (BERICHTID,AFZENDER,BERICHT,GESPREKID,DATUM) values ('129','12','ja','1',to_date('09-11-15','DD-MM-RR'));
Insert into DBI259530.TCHATBERICHT (BERICHTID,AFZENDER,BERICHT,GESPREKID,DATUM) values ('134','5','a kut kan die niet kopieren lol','1',to_date('09-11-15','DD-MM-RR'));
Insert into DBI259530.TCHATBERICHT (BERICHTID,AFZENDER,BERICHT,GESPREKID,DATUM) values ('135','12','maar eerst ff vrijwilliger kunne beoordelen','1',to_date('09-11-15','DD-MM-RR'));
Insert into DBI259530.TCHATBERICHT (BERICHTID,AFZENDER,BERICHT,GESPREKID,DATUM) values ('138','5','ait','1',to_date('09-11-15','DD-MM-RR'));
Insert into DBI259530.TCHATBERICHT (BERICHTID,AFZENDER,BERICHT,GESPREKID,DATUM) values ('139','12','ik ga is ff kijken of ik dat dan kan maken','1',to_date('09-11-15','DD-MM-RR'));
Insert into DBI259530.TCHATBERICHT (BERICHTID,AFZENDER,BERICHT,GESPREKID,DATUM) values ('158','12','f','1',to_date('11-11-15','DD-MM-RR'));
Insert into DBI259530.TCHATBERICHT (BERICHTID,AFZENDER,BERICHT,GESPREKID,DATUM) values ('164','12','f','1',to_date('11-11-15','DD-MM-RR'));
Insert into DBI259530.TCHATBERICHT (BERICHTID,AFZENDER,BERICHT,GESPREKID,DATUM) values ('168','12','f','1',to_date('11-11-15','DD-MM-RR'));
Insert into DBI259530.TCHATBERICHT (BERICHTID,AFZENDER,BERICHT,GESPREKID,DATUM) values ('169','12','f','1',to_date('11-11-15','DD-MM-RR'));
Insert into DBI259530.TCHATBERICHT (BERICHTID,AFZENDER,BERICHT,GESPREKID,DATUM) values ('176','12','f','1',to_date('11-11-15','DD-MM-RR'));
Insert into DBI259530.TCHATBERICHT (BERICHTID,AFZENDER,BERICHT,GESPREKID,DATUM) values ('179','12','f','1',to_date('11-11-15','DD-MM-RR'));
Insert into DBI259530.TCHATBERICHT (BERICHTID,AFZENDER,BERICHT,GESPREKID,DATUM) values ('184','12','f','1',to_date('11-11-15','DD-MM-RR'));
Insert into DBI259530.TCHATBERICHT (BERICHTID,AFZENDER,BERICHT,GESPREKID,DATUM) values ('192','12','jo','1',to_date('11-11-15','DD-MM-RR'));
Insert into DBI259530.TCHATBERICHT (BERICHTID,AFZENDER,BERICHT,GESPREKID,DATUM) values ('196','12','jo','1',to_date('11-11-15','DD-MM-RR'));
Insert into DBI259530.TCHATBERICHT (BERICHTID,AFZENDER,BERICHT,GESPREKID,DATUM) values ('201','5','d','1',to_date('11-11-15','DD-MM-RR'));
Insert into DBI259530.TCHATBERICHT (BERICHTID,AFZENDER,BERICHT,GESPREKID,DATUM) values ('204','5','d','1',to_date('11-11-15','DD-MM-RR'));
Insert into DBI259530.TCHATBERICHT (BERICHTID,AFZENDER,BERICHT,GESPREKID,DATUM) values ('219','12','f','1',to_date('11-11-15','DD-MM-RR'));
Insert into DBI259530.TCHATBERICHT (BERICHTID,AFZENDER,BERICHT,GESPREKID,DATUM) values ('223','12','f','1',to_date('11-11-15','DD-MM-RR'));
Insert into DBI259530.TCHATBERICHT (BERICHTID,AFZENDER,BERICHT,GESPREKID,DATUM) values ('225','12','f','1',to_date('11-11-15','DD-MM-RR'));
Insert into DBI259530.TCHATBERICHT (BERICHTID,AFZENDER,BERICHT,GESPREKID,DATUM) values ('229','12','f','1',to_date('11-11-15','DD-MM-RR'));
Insert into DBI259530.TCHATBERICHT (BERICHTID,AFZENDER,BERICHT,GESPREKID,DATUM) values ('231','12','f','1',to_date('11-11-15','DD-MM-RR'));
Insert into DBI259530.TCHATBERICHT (BERICHTID,AFZENDER,BERICHT,GESPREKID,DATUM) values ('233','12','f','1',to_date('11-11-15','DD-MM-RR'));
Insert into DBI259530.TCHATBERICHT (BERICHTID,AFZENDER,BERICHT,GESPREKID,DATUM) values ('243','12','jo','1',to_date('11-11-15','DD-MM-RR'));
Insert into DBI259530.TCHATBERICHT (BERICHTID,AFZENDER,BERICHT,GESPREKID,DATUM) values ('244','21','yo','11',to_date('11-11-15','DD-MM-RR'));
Insert into DBI259530.TCHATBERICHT (BERICHTID,AFZENDER,BERICHT,GESPREKID,DATUM) values ('247','2','jo','11',to_date('11-11-15','DD-MM-RR'));
Insert into DBI259530.TCHATBERICHT (BERICHTID,AFZENDER,BERICHT,GESPREKID,DATUM) values ('255','2','jo','11',to_date('11-11-15','DD-MM-RR'));
Insert into DBI259530.TCHATBERICHT (BERICHTID,AFZENDER,BERICHT,GESPREKID,DATUM) values ('261','2','jo','11',to_date('11-11-15','DD-MM-RR'));
Insert into DBI259530.TCHATBERICHT (BERICHTID,AFZENDER,BERICHT,GESPREKID,DATUM) values ('264','21','WEET','11',to_date('11-11-15','DD-MM-RR'));
Insert into DBI259530.TCHATBERICHT (BERICHTID,AFZENDER,BERICHT,GESPREKID,DATUM) values ('265','21','ZELF','11',to_date('11-11-15','DD-MM-RR'));
Insert into DBI259530.TCHATBERICHT (BERICHTID,AFZENDER,BERICHT,GESPREKID,DATUM) values ('271','21','GREG','11',to_date('11-11-15','DD-MM-RR'));
Insert into DBI259530.TCHATBERICHT (BERICHTID,AFZENDER,BERICHT,GESPREKID,DATUM) values ('273','21','REG','11',to_date('11-11-15','DD-MM-RR'));
Insert into DBI259530.TCHATBERICHT (BERICHTID,AFZENDER,BERICHT,GESPREKID,DATUM) values ('278','21','RG','11',to_date('11-11-15','DD-MM-RR'));
Insert into DBI259530.TCHATBERICHT (BERICHTID,AFZENDER,BERICHT,GESPREKID,DATUM) values ('283','21','G','11',to_date('11-11-15','DD-MM-RR'));
Insert into DBI259530.TCHATBERICHT (BERICHTID,AFZENDER,BERICHT,GESPREKID,DATUM) values ('288','21','REG','11',to_date('11-11-15','DD-MM-RR'));
Insert into DBI259530.TCHATBERICHT (BERICHTID,AFZENDER,BERICHT,GESPREKID,DATUM) values ('292','21','HAHAF','11',to_date('11-11-15','DD-MM-RR'));
Insert into DBI259530.TCHATBERICHT (BERICHTID,AFZENDER,BERICHT,GESPREKID,DATUM) values ('294','21','F','11',to_date('11-11-15','DD-MM-RR'));
Insert into DBI259530.TCHATBERICHT (BERICHTID,AFZENDER,BERICHT,GESPREKID,DATUM) values ('295','21','GRE','11',to_date('11-11-15','DD-MM-RR'));
Insert into DBI259530.TCHATBERICHT (BERICHTID,AFZENDER,BERICHT,GESPREKID,DATUM) values ('304','21','G','11',to_date('11-11-15','DD-MM-RR'));
Insert into DBI259530.TCHATBERICHT (BERICHTID,AFZENDER,BERICHT,GESPREKID,DATUM) values ('305','21','RE','11',to_date('11-11-15','DD-MM-RR'));
Insert into DBI259530.TCHATBERICHT (BERICHTID,AFZENDER,BERICHT,GESPREKID,DATUM) values ('306','21','GRE','11',to_date('11-11-15','DD-MM-RR'));
Insert into DBI259530.TCHATBERICHT (BERICHTID,AFZENDER,BERICHT,GESPREKID,DATUM) values ('315','21','GE','11',to_date('11-11-15','DD-MM-RR'));
Insert into DBI259530.TCHATBERICHT (BERICHTID,AFZENDER,BERICHT,GESPREKID,DATUM) values ('320','21','REG','11',to_date('11-11-15','DD-MM-RR'));
Insert into DBI259530.TCHATBERICHT (BERICHTID,AFZENDER,BERICHT,GESPREKID,DATUM) values ('329','21','GRE','11',to_date('11-11-15','DD-MM-RR'));
Insert into DBI259530.TCHATBERICHT (BERICHTID,AFZENDER,BERICHT,GESPREKID,DATUM) values ('334','21','REG','11',to_date('11-11-15','DD-MM-RR'));
Insert into DBI259530.TCHATBERICHT (BERICHTID,AFZENDER,BERICHT,GESPREKID,DATUM) values ('339','21','RE','11',to_date('11-11-15','DD-MM-RR'));
Insert into DBI259530.TCHATBERICHT (BERICHTID,AFZENDER,BERICHT,GESPREKID,DATUM) values ('344','21','G','11',to_date('11-11-15','DD-MM-RR'));
Insert into DBI259530.TCHATBERICHT (BERICHTID,AFZENDER,BERICHT,GESPREKID,DATUM) values ('353','2','f','11',to_date('11-11-15','DD-MM-RR'));
Insert into DBI259530.TCHATBERICHT (BERICHTID,AFZENDER,BERICHT,GESPREKID,DATUM) values ('356','21','G','11',to_date('11-11-15','DD-MM-RR'));
Insert into DBI259530.TCHATBERICHT (BERICHTID,AFZENDER,BERICHT,GESPREKID,DATUM) values ('380','2','df','11',to_date('11-11-15','DD-MM-RR'));
Insert into DBI259530.TCHATBERICHT (BERICHTID,AFZENDER,BERICHT,GESPREKID,DATUM) values ('389','2','gdf','11',to_date('11-11-15','DD-MM-RR'));
Insert into DBI259530.TCHATBERICHT (BERICHTID,AFZENDER,BERICHT,GESPREKID,DATUM) values ('390','21','R','11',to_date('11-11-15','DD-MM-RR'));
Insert into DBI259530.TCHATBERICHT (BERICHTID,AFZENDER,BERICHT,GESPREKID,DATUM) values ('392','21','R','11',to_date('11-11-15','DD-MM-RR'));
Insert into DBI259530.TCHATBERICHT (BERICHTID,AFZENDER,BERICHT,GESPREKID,DATUM) values ('394','2','dfgfd','11',to_date('11-11-15','DD-MM-RR'));
Insert into DBI259530.TCHATBERICHT (BERICHTID,AFZENDER,BERICHT,GESPREKID,DATUM) values ('399','21','WRE','11',to_date('11-11-15','DD-MM-RR'));
Insert into DBI259530.TCHATBERICHT (BERICHTID,AFZENDER,BERICHT,GESPREKID,DATUM) values ('404','21','R','11',to_date('11-11-15','DD-MM-RR'));
Insert into DBI259530.TCHATBERICHT (BERICHTID,AFZENDER,BERICHT,GESPREKID,DATUM) values ('406','21','R','11',to_date('11-11-15','DD-MM-RR'));
Insert into DBI259530.TCHATBERICHT (BERICHTID,AFZENDER,BERICHT,GESPREKID,DATUM) values ('409','21','R','11',to_date('11-11-15','DD-MM-RR'));
Insert into DBI259530.TCHATBERICHT (BERICHTID,AFZENDER,BERICHT,GESPREKID,DATUM) values ('412','21','R','11',to_date('11-11-15','DD-MM-RR'));
Insert into DBI259530.TCHATBERICHT (BERICHTID,AFZENDER,BERICHT,GESPREKID,DATUM) values ('414','2','g','11',to_date('11-11-15','DD-MM-RR'));
Insert into DBI259530.TCHATBERICHT (BERICHTID,AFZENDER,BERICHT,GESPREKID,DATUM) values ('418','21','R','11',to_date('11-11-15','DD-MM-RR'));
Insert into DBI259530.TCHATBERICHT (BERICHTID,AFZENDER,BERICHT,GESPREKID,DATUM) values ('419','21','R','11',to_date('11-11-15','DD-MM-RR'));
Insert into DBI259530.TCHATBERICHT (BERICHTID,AFZENDER,BERICHT,GESPREKID,DATUM) values ('425','2','dfg','11',to_date('11-11-15','DD-MM-RR'));
Insert into DBI259530.TCHATBERICHT (BERICHTID,AFZENDER,BERICHT,GESPREKID,DATUM) values ('428','21','ET','11',to_date('11-11-15','DD-MM-RR'));
Insert into DBI259530.TCHATBERICHT (BERICHTID,AFZENDER,BERICHT,GESPREKID,DATUM) values ('429','21','R','11',to_date('11-11-15','DD-MM-RR'));
Insert into DBI259530.TCHATBERICHT (BERICHTID,AFZENDER,BERICHT,GESPREKID,DATUM) values ('432','21','RT','11',to_date('11-11-15','DD-MM-RR'));
Insert into DBI259530.TCHATBERICHT (BERICHTID,AFZENDER,BERICHT,GESPREKID,DATUM) values ('437','2','g','11',to_date('11-11-15','DD-MM-RR'));
Insert into DBI259530.TCHATBERICHT (BERICHTID,AFZENDER,BERICHT,GESPREKID,DATUM) values ('447','2','g','11',to_date('11-11-15','DD-MM-RR'));
Insert into DBI259530.TCHATBERICHT (BERICHTID,AFZENDER,BERICHT,GESPREKID,DATUM) values ('457','2','g','11',to_date('11-11-15','DD-MM-RR'));
Insert into DBI259530.TCHATBERICHT (BERICHTID,AFZENDER,BERICHT,GESPREKID,DATUM) values ('458','21','RHTH','11',to_date('11-11-15','DD-MM-RR'));
Insert into DBI259530.TCHATBERICHT (BERICHTID,AFZENDER,BERICHT,GESPREKID,DATUM) values ('460','21','R','11',to_date('11-11-15','DD-MM-RR'));
Insert into DBI259530.TCHATBERICHT (BERICHTID,AFZENDER,BERICHT,GESPREKID,DATUM) values ('463','21','HT','11',to_date('11-11-15','DD-MM-RR'));
Insert into DBI259530.TCHATBERICHT (BERICHTID,AFZENDER,BERICHT,GESPREKID,DATUM) values ('465','2','g','11',to_date('11-11-15','DD-MM-RR'));
Insert into DBI259530.TCHATBERICHT (BERICHTID,AFZENDER,BERICHT,GESPREKID,DATUM) values ('473','2','h','11',to_date('11-11-15','DD-MM-RR'));
Insert into DBI259530.TCHATBERICHT (BERICHTID,AFZENDER,BERICHT,GESPREKID,DATUM) values ('477','2','h','11',to_date('11-11-15','DD-MM-RR'));
Insert into DBI259530.TCHATBERICHT (BERICHTID,AFZENDER,BERICHT,GESPREKID,DATUM) values ('478','2','h','11',to_date('11-11-15','DD-MM-RR'));
Insert into DBI259530.TCHATBERICHT (BERICHTID,AFZENDER,BERICHT,GESPREKID,DATUM) values ('484','2','h','11',to_date('11-11-15','DD-MM-RR'));
Insert into DBI259530.TCHATBERICHT (BERICHTID,AFZENDER,BERICHT,GESPREKID,DATUM) values ('485','2','h','11',to_date('11-11-15','DD-MM-RR'));
Insert into DBI259530.TCHATBERICHT (BERICHTID,AFZENDER,BERICHT,GESPREKID,DATUM) values ('486','2','h','11',to_date('11-11-15','DD-MM-RR'));
Insert into DBI259530.TCHATBERICHT (BERICHTID,AFZENDER,BERICHT,GESPREKID,DATUM) values ('495','2','h','11',to_date('11-11-15','DD-MM-RR'));
Insert into DBI259530.TCHATBERICHT (BERICHTID,AFZENDER,BERICHT,GESPREKID,DATUM) values ('501','2','h','11',to_date('11-11-15','DD-MM-RR'));
Insert into DBI259530.TCHATBERICHT (BERICHTID,AFZENDER,BERICHT,GESPREKID,DATUM) values ('504','12','yo','12',to_date('11-11-15','DD-MM-RR'));
Insert into DBI259530.TCHATBERICHT (BERICHTID,AFZENDER,BERICHT,GESPREKID,DATUM) values ('505','12','yu','12',to_date('11-11-15','DD-MM-RR'));
Insert into DBI259530.TCHATBERICHT (BERICHTID,AFZENDER,BERICHT,GESPREKID,DATUM) values ('506','12','yo','12',to_date('11-11-15','DD-MM-RR'));
commit;
Insert into DBI259530.TCHATBERICHT (BERICHTID,AFZENDER,BERICHT,GESPREKID,DATUM) values ('507','12','waarom','12',to_date('11-11-15','DD-MM-RR'));
Insert into DBI259530.TCHATBERICHT (BERICHTID,AFZENDER,BERICHT,GESPREKID,DATUM) values ('508','12','yo','11',to_date('11-11-15','DD-MM-RR'));
Insert into DBI259530.TCHATBERICHT (BERICHTID,AFZENDER,BERICHT,GESPREKID,DATUM) values ('510','12','yo','12',to_date('11-11-15','DD-MM-RR'));
Insert into DBI259530.TCHATBERICHT (BERICHTID,AFZENDER,BERICHT,GESPREKID,DATUM) values ('521','25','test','15',to_date('11-11-15','DD-MM-RR'));
Insert into DBI259530.TCHATBERICHT (BERICHTID,AFZENDER,BERICHT,GESPREKID,DATUM) values ('522','25','test','15',to_date('11-11-15','DD-MM-RR'));
Insert into DBI259530.TCHATBERICHT (BERICHTID,AFZENDER,BERICHT,GESPREKID,DATUM) values ('524','25','test','14',to_date('11-11-15','DD-MM-RR'));
Insert into DBI259530.TCHATBERICHT (BERICHTID,AFZENDER,BERICHT,GESPREKID,DATUM) values ('527','25','test','14',to_date('11-11-15','DD-MM-RR'));
Insert into DBI259530.TCHATBERICHT (BERICHTID,AFZENDER,BERICHT,GESPREKID,DATUM) values ('531','5','Swaggy','16',to_date('11-11-15','DD-MM-RR'));
commit;
REM INSERTING into DBI259530.TCLIENT
SET DEFINE OFF;
REM INSERTING into DBI259530.TDAG
SET DEFINE OFF;
REM INSERTING into DBI259530.TGESPREK
SET DEFINE OFF;
Insert into DBI259530.TGESPREK (GESPREKID,USERID1,USERID2) values ('14','25','2');
Insert into DBI259530.TGESPREK (GESPREKID,USERID1,USERID2) values ('13','25','1');
Insert into DBI259530.TGESPREK (GESPREKID,USERID1,USERID2) values ('15','25','5');
Insert into DBI259530.TGESPREK (GESPREKID,USERID1,USERID2) values ('1','5','12');
Insert into DBI259530.TGESPREK (GESPREKID,USERID1,USERID2) values ('11','21','2');
Insert into DBI259530.TGESPREK (GESPREKID,USERID1,USERID2) values ('12','12','1');
Insert into DBI259530.TGESPREK (GESPREKID,USERID1,USERID2) values ('16','5','21');
commit;
REM INSERTING into DBI259530.TQUESTION
SET DEFINE OFF;
Insert into DBI259530.TQUESTION (QUESTIONID,AUTEUR,VRAAG,BIJZONDERHEID,LOCATIE,AFSTAND,VERVOER,OPGELOST,DATUM,ANTWOORD,VOLUNTEERID) values ('22','2','hjhhgjhghj','sfdsfdfgdgfd','sdffdsfgddfg','Niet opgegevgfdgfden','Niet opgegevengdfdgf','NEE',to_date('08-11-15','DD-MM-RR'),null,null);
Insert into DBI259530.TQUESTION (QUESTIONID,AUTEUR,VRAAG,BIJZONDERHEID,LOCATIE,AFSTAND,VERVOER,OPGELOST,DATUM,ANTWOORD,VOLUNTEERID) values ('54','2','hey dundy',null,'Niet opgegeven',null,null,'NEE',to_date('11-11-15','DD-MM-RR'),null,null);
Insert into DBI259530.TQUESTION (QUESTIONID,AUTEUR,VRAAG,BIJZONDERHEID,LOCATIE,AFSTAND,VERVOER,OPGELOST,DATUM,ANTWOORD,VOLUNTEERID) values ('3','5','Hoi wil iemand de hond voor mij uitlaten wanneer ik op vakantie ben?',null,'Schuttersven',null,null,'JA',to_date('05-11-15','DD-MM-RR'),'test antwoord','12');
Insert into DBI259530.TQUESTION (QUESTIONID,AUTEUR,VRAAG,BIJZONDERHEID,LOCATIE,AFSTAND,VERVOER,OPGELOST,DATUM,ANTWOORD,VOLUNTEERID) values ('24','2','ff testen voor answer','hier','answer hier',null,null,'JA',to_date('08-11-15','DD-MM-RR'),'TEST KOPPELING VOLUNTEER MET VRAAG','12');
Insert into DBI259530.TQUESTION (QUESTIONID,AUTEUR,VRAAG,BIJZONDERHEID,LOCATIE,AFSTAND,VERVOER,OPGELOST,DATUM,ANTWOORD,VOLUNTEERID) values ('63','2','Dikke bmw he ja ja dikke bmw','Niet nu he','Niet he','Niet opgegeven','Niet opgegeven','NEE',to_date('11-11-15','DD-MM-RR'),null,null);
Insert into DBI259530.TQUESTION (QUESTIONID,AUTEUR,VRAAG,BIJZONDERHEID,LOCATIE,AFSTAND,VERVOER,OPGELOST,DATUM,ANTWOORD,VOLUNTEERID) values ('64','2','dikke bwm hehehehhe',null,'Niet opgegeven',null,null,'NEE',to_date('11-11-15','DD-MM-RR'),null,null);
Insert into DBI259530.TQUESTION (QUESTIONID,AUTEUR,VRAAG,BIJZONDERHEID,LOCATIE,AFSTAND,VERVOER,OPGELOST,DATUM,ANTWOORD,VOLUNTEERID) values ('49','2','hey dundy',null,'Niet opgegeven',null,null,'NEE',to_date('11-11-15','DD-MM-RR'),null,null);
Insert into DBI259530.TQUESTION (QUESTIONID,AUTEUR,VRAAG,BIJZONDERHEID,LOCATIE,AFSTAND,VERVOER,OPGELOST,DATUM,ANTWOORD,VOLUNTEERID) values ('11','1',':)',':)',':)',null,null,'JA',to_date('06-11-15','DD-MM-RR'),'HAHAHHAHA','21');
Insert into DBI259530.TQUESTION (QUESTIONID,AUTEUR,VRAAG,BIJZONDERHEID,LOCATIE,AFSTAND,VERVOER,OPGELOST,DATUM,ANTWOORD,VOLUNTEERID) values ('23','5','Directe update test','Een bijzonderheid','Een testlocatie','en doet die het nu nog steeds','blablabla','NEE',to_date('08-11-15','DD-MM-RR'),null,null);
commit;
REM INSERTING into DBI259530.TREVIEW
SET DEFINE OFF;
Insert into DBI259530.TREVIEW (REVIEWID,VOLUNTEER,CLIENT,RATING,TEKST,DATUM) values ('3','12','5','2','Vraag is niet beantwoord',to_date('10-11-15','DD-MM-RR'));
Insert into DBI259530.TREVIEW (REVIEWID,VOLUNTEER,CLIENT,RATING,TEKST,DATUM) values ('4','12','5','4','Heeft zich beter toegelicht na een telefoontje',to_date('10-11-15','DD-MM-RR'));
Insert into DBI259530.TREVIEW (REVIEWID,VOLUNTEER,CLIENT,RATING,TEKST,DATUM) values ('5','12','2','4','best goed gedaan :)',to_date('10-11-15','DD-MM-RR'));
Insert into DBI259530.TREVIEW (REVIEWID,VOLUNTEER,CLIENT,RATING,TEKST,DATUM) values ('6','12','5','5','Hier heb je een goede review!',to_date('11-11-15','DD-MM-RR'));
commit;
REM INSERTING into DBI259530.TROOSTER
SET DEFINE OFF;
Insert into DBI259530.TROOSTER (ROOSTERID,USERID,MAANDAG,DINSDAG,WOENSDAG,DONDERDAG,VRIJDAG,ZATERDAG,ZONDAG) values ('8','28','Niet Opgegeven','Niet Opgegeven','Niet Opgegeven','Niet Opgegeven','Niet Opgegeven','Niet Opgegeven','Niet Opgegeven');
Insert into DBI259530.TROOSTER (ROOSTERID,USERID,MAANDAG,DINSDAG,WOENSDAG,DONDERDAG,VRIJDAG,ZATERDAG,ZONDAG) values ('11','31','Niet Opgegeven','Niet Opgegeven','Niet Opgegeven','Niet Opgegeven','Niet Opgegeven','Niet Opgegeven','Niet Opgegeven');
Insert into DBI259530.TROOSTER (ROOSTERID,USERID,MAANDAG,DINSDAG,WOENSDAG,DONDERDAG,VRIJDAG,ZATERDAG,ZONDAG) values ('9','29','Niet Opgegeven','Niet Opgegeven','Niet Opgegeven','Niet Opgegeven','Niet Opgegeven','Niet Opgegeven','Niet Opgegeven');
Insert into DBI259530.TROOSTER (ROOSTERID,USERID,MAANDAG,DINSDAG,WOENSDAG,DONDERDAG,VRIJDAG,ZATERDAG,ZONDAG) values ('10','30','Niet Opgegeven','Niet Opgegeven','Niet Opgegeven','Niet Opgegeven','Niet Opgegeven','Niet Opgegeven','Niet Opgegeven');
Insert into DBI259530.TROOSTER (ROOSTERID,USERID,MAANDAG,DINSDAG,WOENSDAG,DONDERDAG,VRIJDAG,ZATERDAG,ZONDAG) values ('3','12','ONBEKEND','ONBEKEND','ONBEKEND','ONBEKEND','ONBEKEND','Nerdlife','ONBEKEND');
Insert into DBI259530.TROOSTER (ROOSTERID,USERID,MAANDAG,DINSDAG,WOENSDAG,DONDERDAG,VRIJDAG,ZATERDAG,ZONDAG) values ('4','21','09:00 tot 12:00','09:00 tot 12:00','na 20:00',null,'Niet','Niet','Niet');
Insert into DBI259530.TROOSTER (ROOSTERID,USERID,MAANDAG,DINSDAG,WOENSDAG,DONDERDAG,VRIJDAG,ZATERDAG,ZONDAG) values ('5','25','Niet Opgegeven','Niet Opgegeven','Niet Opgegeven','Niet Opgegeven','Niet Opgegeven','Niet Opgegeven','Niet Opgegeven');
commit;
REM INSERTING into DBI259530.TUSER
SET DEFINE OFF;
Insert into DBI259530.TUSER (USERID,NAAM,GEBOORTEDATUM,GESLACHT,WOONPLAATS,ADRES,EMAIL,WACHTWOORD,TYPE) values ('1','Sjaak M.',to_date('11-02-79','DD-MM-RR'),'M','Eindhoven','Kerkstraat 12','sjaak.Contoso@gmail.com','letmein','CLIENT');
Insert into DBI259530.TUSER (USERID,NAAM,GEBOORTEDATUM,GESLACHT,WOONPLAATS,ADRES,EMAIL,WACHTWOORD,TYPE) values ('5','Jeroen Roovers',to_date('29-11-93','DD-MM-RR'),'M','Eindhoven','Schuttersven 33','jeroen.roovers@foobar.com','1234567','CLIENT');
Insert into DBI259530.TUSER (USERID,NAAM,GEBOORTEDATUM,GESLACHT,WOONPLAATS,ADRES,EMAIL,WACHTWOORD,TYPE) values ('28','testing vog upload',to_date('11-11-92','DD-MM-RR'),'M','eindje','rachelsmolen','testing@vog.nl','12345','VOLUNTEER');
Insert into DBI259530.TUSER (USERID,NAAM,GEBOORTEDATUM,GESLACHT,WOONPLAATS,ADRES,EMAIL,WACHTWOORD,TYPE) values ('31','testvogpath',to_date('11-11-92','DD-MM-RR'),'M','eindje','rachelsmolen','testvog4@nl','abcde','VOLUNTEER');
Insert into DBI259530.TUSER (USERID,NAAM,GEBOORTEDATUM,GESLACHT,WOONPLAATS,ADRES,EMAIL,WACHTWOORD,TYPE) values ('2','Maurice',to_date('05-11-94','DD-MM-RR'),'M','Best','Kerkstraat 10','hardcoregaming@hotmail.com','12345','CLIENT');
Insert into DBI259530.TUSER (USERID,NAAM,GEBOORTEDATUM,GESLACHT,WOONPLAATS,ADRES,EMAIL,WACHTWOORD,TYPE) values ('29','testingvog2',to_date('11-11-91','DD-MM-RR'),'M','eindhoven','rachelsmolen','testing@vog2.nl','12345','VOLUNTEER');
Insert into DBI259530.TUSER (USERID,NAAM,GEBOORTEDATUM,GESLACHT,WOONPLAATS,ADRES,EMAIL,WACHTWOORD,TYPE) values ('30','testvog3',to_date('11-11-90','DD-MM-RR'),'M','eindhoven','rachelmolen','test@vog3.nl','12345','VOLUNTEER');
Insert into DBI259530.TUSER (USERID,NAAM,GEBOORTEDATUM,GESLACHT,WOONPLAATS,ADRES,EMAIL,WACHTWOORD,TYPE) values ('12','Maurice',to_date('06-11-96','DD-MM-RR'),'M','Age of empires','Churge','wololo@hotmail.com','12345','VOLUNTEER');
Insert into DBI259530.TUSER (USERID,NAAM,GEBOORTEDATUM,GESLACHT,WOONPLAATS,ADRES,EMAIL,WACHTWOORD,TYPE) values ('21','dundy',to_date('11-11-15','DD-MM-RR'),'M','helmond','dijksestraat 92','dunchel@hotmail.com','12345','VOLUNTEER');
Insert into DBI259530.TUSER (USERID,NAAM,GEBOORTEDATUM,GESLACHT,WOONPLAATS,ADRES,EMAIL,WACHTWOORD,TYPE) values ('3','dundy',to_date('05-11-15','DD-MM-RR'),'V','helmond','dijksestraat ','dundy@hotmail.nl','123456','ADMIN');
Insert into DBI259530.TUSER (USERID,NAAM,GEBOORTEDATUM,GESLACHT,WOONPLAATS,ADRES,EMAIL,WACHTWOORD,TYPE) values ('25','H. Core',to_date('11-11-83','DD-MM-RR'),'M','Fontys','Rachelsmolen 1','Hardcorecoding@gmail.nl','12345','VOLUNTEER');
commit;
REM INSERTING into DBI259530.TVERVOER
SET DEFINE OFF;
REM INSERTING into DBI259530.TVOLUNTEER
SET DEFINE OFF;
Insert into DBI259530.TVOLUNTEER (VOLUNTEERID,RIJBEWIJS,BIOGRAFIE,VOG,FOTO,USERID) values ('9','NEE','Niet opgegeven','Onbekend','Onbekend','28');
Insert into DBI259530.TVOLUNTEER (VOLUNTEERID,RIJBEWIJS,BIOGRAFIE,VOG,FOTO,USERID) values ('12','NEE','Niet opgegeven','ftp://i259530@athena.fhict.nl/VOG/VOG31.pdf','ftp://i259530@athena.fhict.nl/PROFILE/IMG31.jpg','31');
Insert into DBI259530.TVOLUNTEER (VOLUNTEERID,RIJBEWIJS,BIOGRAFIE,VOG,FOTO,USERID) values ('10','NEE','Niet opgegeven','Onbekend','Onbekend','29');
Insert into DBI259530.TVOLUNTEER (VOLUNTEERID,RIJBEWIJS,BIOGRAFIE,VOG,FOTO,USERID) values ('11','NEE','Niet opgegeven','Onbekend','Onbekend','30');
Insert into DBI259530.TVOLUNTEER (VOLUNTEERID,RIJBEWIJS,BIOGRAFIE,VOG,FOTO,USERID) values ('4','JA','Yulu swaglord','ONBEKEND','ftp://i259530@athena.fhict.nl/PROFILE/IMG12.jpg','12');
Insert into DBI259530.TVOLUNTEER (VOLUNTEERID,RIJBEWIJS,BIOGRAFIE,VOG,FOTO,USERID) values ('5','NEE','BLA BLA BLA haha hoi hoi ik ben dundy','ONBEKEND','ONBEKEND','21');
Insert into DBI259530.TVOLUNTEER (VOLUNTEERID,RIJBEWIJS,BIOGRAFIE,VOG,FOTO,USERID) values ('6','NEE','Niet opgegeven','Onbekend','Onbekend','25');
commit;
--------------------------------------------------------
--  Constraints for Table TUSER
--------------------------------------------------------

  ALTER TABLE "DBI259530"."TUSER" ADD CONSTRAINT "CHK_TUSER_GESLACHT" CHECK (UPPER(Geslacht) in('M', 'V')) ENABLE;
 
  ALTER TABLE "DBI259530"."TUSER" MODIFY ("NAAM" NOT NULL ENABLE);
 
  ALTER TABLE "DBI259530"."TUSER" MODIFY ("GEBOORTEDATUM" NOT NULL ENABLE);
 
  ALTER TABLE "DBI259530"."TUSER" MODIFY ("GESLACHT" NOT NULL ENABLE);
 
  ALTER TABLE "DBI259530"."TUSER" MODIFY ("WOONPLAATS" NOT NULL ENABLE);
 
  ALTER TABLE "DBI259530"."TUSER" MODIFY ("ADRES" NOT NULL ENABLE);
 
  ALTER TABLE "DBI259530"."TUSER" MODIFY ("WACHTWOORD" NOT NULL ENABLE);
 
  ALTER TABLE "DBI259530"."TUSER" MODIFY ("TYPE" NOT NULL ENABLE);
 
  ALTER TABLE "DBI259530"."TUSER" ADD PRIMARY KEY ("USERID")
  USING INDEX PCTFREE 10 INITRANS 2 MAXTRANS 255 COMPUTE STATISTICS 
  STORAGE(INITIAL 65536 NEXT 1048576 MINEXTENTS 1 MAXEXTENTS 2147483645
  PCTINCREASE 0 FREELISTS 1 FREELIST GROUPS 1 BUFFER_POOL DEFAULT FLASH_CACHE DEFAULT CELL_FLASH_CACHE DEFAULT)
  TABLESPACE "USERS"  ENABLE;
--------------------------------------------------------
--  Constraints for Table TCHATBERICHT
--------------------------------------------------------

  ALTER TABLE "DBI259530"."TCHATBERICHT" MODIFY ("AFZENDER" NOT NULL ENABLE);
 
  ALTER TABLE "DBI259530"."TCHATBERICHT" MODIFY ("BERICHT" NOT NULL ENABLE);
 
  ALTER TABLE "DBI259530"."TCHATBERICHT" ADD PRIMARY KEY ("BERICHTID")
  USING INDEX PCTFREE 10 INITRANS 2 MAXTRANS 255 COMPUTE STATISTICS 
  STORAGE(INITIAL 65536 NEXT 1048576 MINEXTENTS 1 MAXEXTENTS 2147483645
  PCTINCREASE 0 FREELISTS 1 FREELIST GROUPS 1 BUFFER_POOL DEFAULT FLASH_CACHE DEFAULT CELL_FLASH_CACHE DEFAULT)
  TABLESPACE "USERS"  ENABLE;
 
  ALTER TABLE "DBI259530"."TCHATBERICHT" MODIFY ("GESPREKID" NOT NULL ENABLE);
--------------------------------------------------------
--  Constraints for Table TCLIENT
--------------------------------------------------------

  ALTER TABLE "DBI259530"."TCLIENT" MODIFY ("AFSPRAAKID" NOT NULL ENABLE);
 
  ALTER TABLE "DBI259530"."TCLIENT" MODIFY ("REVIEWID" NOT NULL ENABLE);
 
  ALTER TABLE "DBI259530"."TCLIENT" MODIFY ("GESPREKID" NOT NULL ENABLE);
 
  ALTER TABLE "DBI259530"."TCLIENT" ADD PRIMARY KEY ("CLIENTID")
  USING INDEX PCTFREE 10 INITRANS 2 MAXTRANS 255 COMPUTE STATISTICS NOCOMPRESS LOGGING
  TABLESPACE "USERS"  ENABLE;
--------------------------------------------------------
--  Constraints for Table TROOSTER
--------------------------------------------------------

  ALTER TABLE "DBI259530"."TROOSTER" MODIFY ("USERID" NOT NULL ENABLE);
 
  ALTER TABLE "DBI259530"."TROOSTER" ADD PRIMARY KEY ("ROOSTERID")
  USING INDEX PCTFREE 10 INITRANS 2 MAXTRANS 255 COMPUTE STATISTICS 
  STORAGE(INITIAL 65536 NEXT 1048576 MINEXTENTS 1 MAXEXTENTS 2147483645
  PCTINCREASE 0 FREELISTS 1 FREELIST GROUPS 1 BUFFER_POOL DEFAULT FLASH_CACHE DEFAULT CELL_FLASH_CACHE DEFAULT)
  TABLESPACE "USERS"  ENABLE;
--------------------------------------------------------
--  Constraints for Table TQUESTION
--------------------------------------------------------

  ALTER TABLE "DBI259530"."TQUESTION" ADD CONSTRAINT "CHK_TQUESTION_OPGELOST" CHECK (UPPER(Opgelost) in('JA', 'NEE')) ENABLE;
 
  ALTER TABLE "DBI259530"."TQUESTION" MODIFY ("AUTEUR" NOT NULL ENABLE);
 
  ALTER TABLE "DBI259530"."TQUESTION" MODIFY ("VRAAG" NOT NULL ENABLE);
 
  ALTER TABLE "DBI259530"."TQUESTION" MODIFY ("OPGELOST" NOT NULL ENABLE);
 
  ALTER TABLE "DBI259530"."TQUESTION" ADD PRIMARY KEY ("QUESTIONID")
  USING INDEX PCTFREE 10 INITRANS 2 MAXTRANS 255 COMPUTE STATISTICS 
  STORAGE(INITIAL 65536 NEXT 1048576 MINEXTENTS 1 MAXEXTENTS 2147483645
  PCTINCREASE 0 FREELISTS 1 FREELIST GROUPS 1 BUFFER_POOL DEFAULT FLASH_CACHE DEFAULT CELL_FLASH_CACHE DEFAULT)
  TABLESPACE "USERS"  ENABLE;
--------------------------------------------------------
--  Constraints for Table TAFSPRAAK
--------------------------------------------------------

  ALTER TABLE "DBI259530"."TAFSPRAAK" MODIFY ("CLIENT" NOT NULL ENABLE);
 
  ALTER TABLE "DBI259530"."TAFSPRAAK" MODIFY ("VOLUNTEER" NOT NULL ENABLE);
 
  ALTER TABLE "DBI259530"."TAFSPRAAK" MODIFY ("DATUMTIJD" NOT NULL ENABLE);
 
  ALTER TABLE "DBI259530"."TAFSPRAAK" MODIFY ("LOCATIE" NOT NULL ENABLE);
 
  ALTER TABLE "DBI259530"."TAFSPRAAK" ADD PRIMARY KEY ("AFSPRAAKID")
  USING INDEX PCTFREE 10 INITRANS 2 MAXTRANS 255 COMPUTE STATISTICS 
  STORAGE(INITIAL 65536 NEXT 1048576 MINEXTENTS 1 MAXEXTENTS 2147483645
  PCTINCREASE 0 FREELISTS 1 FREELIST GROUPS 1 BUFFER_POOL DEFAULT FLASH_CACHE DEFAULT CELL_FLASH_CACHE DEFAULT)
  TABLESPACE "USERS"  ENABLE;
--------------------------------------------------------
--  Constraints for Table TVERVOER
--------------------------------------------------------

  ALTER TABLE "DBI259530"."TVERVOER" MODIFY ("VERVOERSMMIDDEL" NOT NULL ENABLE);
 
  ALTER TABLE "DBI259530"."TVERVOER" ADD PRIMARY KEY ("VERVOERID")
  USING INDEX PCTFREE 10 INITRANS 2 MAXTRANS 255 COMPUTE STATISTICS NOCOMPRESS LOGGING
  TABLESPACE "USERS"  ENABLE;
--------------------------------------------------------
--  Constraints for Table TADMIN
--------------------------------------------------------

  ALTER TABLE "DBI259530"."TADMIN" ADD PRIMARY KEY ("ADMINID")
  USING INDEX PCTFREE 10 INITRANS 2 MAXTRANS 255 COMPUTE STATISTICS NOCOMPRESS LOGGING
  TABLESPACE "USERS"  ENABLE;
--------------------------------------------------------
--  Constraints for Table TREVIEW
--------------------------------------------------------

  ALTER TABLE "DBI259530"."TREVIEW" ADD CONSTRAINT "CHK_TREVIEW_RATING" CHECK (Rating in (1, 2, 3, 4, 5)) ENABLE;
 
  ALTER TABLE "DBI259530"."TREVIEW" MODIFY ("VOLUNTEER" NOT NULL ENABLE);
 
  ALTER TABLE "DBI259530"."TREVIEW" MODIFY ("CLIENT" NOT NULL ENABLE);
 
  ALTER TABLE "DBI259530"."TREVIEW" MODIFY ("RATING" NOT NULL ENABLE);
 
  ALTER TABLE "DBI259530"."TREVIEW" ADD PRIMARY KEY ("REVIEWID")
  USING INDEX PCTFREE 10 INITRANS 2 MAXTRANS 255 COMPUTE STATISTICS 
  STORAGE(INITIAL 65536 NEXT 1048576 MINEXTENTS 1 MAXEXTENTS 2147483645
  PCTINCREASE 0 FREELISTS 1 FREELIST GROUPS 1 BUFFER_POOL DEFAULT FLASH_CACHE DEFAULT CELL_FLASH_CACHE DEFAULT)
  TABLESPACE "USERS"  ENABLE;
 
  ALTER TABLE "DBI259530"."TREVIEW" MODIFY ("DATUM" NOT NULL ENABLE);
--------------------------------------------------------
--  Constraints for Table TANTWOORD
--------------------------------------------------------

  ALTER TABLE "DBI259530"."TANTWOORD" MODIFY ("NAAM" NOT NULL ENABLE);
 
  ALTER TABLE "DBI259530"."TANTWOORD" MODIFY ("INHOUD" NOT NULL ENABLE);
 
  ALTER TABLE "DBI259530"."TANTWOORD" ADD PRIMARY KEY ("ANTWOORDID")
  USING INDEX PCTFREE 10 INITRANS 2 MAXTRANS 255 COMPUTE STATISTICS NOCOMPRESS LOGGING
  TABLESPACE "USERS"  ENABLE;
--------------------------------------------------------
--  Constraints for Table TDAG
--------------------------------------------------------

  ALTER TABLE "DBI259530"."TDAG" ADD CONSTRAINT "CHK_TDAG_DAG" CHECK (UPPER(Dag) in ('MAANDAG', 'DINSDAG', 'WOENSDAG', 'DONDERDAG', 'VRIJDAG', 'ZATERDAG', 'ZONDAG')) ENABLE;
 
  ALTER TABLE "DBI259530"."TDAG" MODIFY ("DAG" NOT NULL ENABLE);
 
  ALTER TABLE "DBI259530"."TDAG" MODIFY ("BEGINTIJD" NOT NULL ENABLE);
 
  ALTER TABLE "DBI259530"."TDAG" MODIFY ("EINDTIJD" NOT NULL ENABLE);
 
  ALTER TABLE "DBI259530"."TDAG" ADD PRIMARY KEY ("DAGID")
  USING INDEX PCTFREE 10 INITRANS 2 MAXTRANS 255 COMPUTE STATISTICS NOCOMPRESS LOGGING
  TABLESPACE "USERS"  ENABLE;
--------------------------------------------------------
--  Constraints for Table TGESPREK
--------------------------------------------------------

  ALTER TABLE "DBI259530"."TGESPREK" MODIFY ("USERID1" NOT NULL ENABLE);
 
  ALTER TABLE "DBI259530"."TGESPREK" MODIFY ("USERID2" NOT NULL ENABLE);
 
  ALTER TABLE "DBI259530"."TGESPREK" ADD PRIMARY KEY ("GESPREKID")
  USING INDEX PCTFREE 10 INITRANS 2 MAXTRANS 255 COMPUTE STATISTICS 
  STORAGE(INITIAL 65536 NEXT 1048576 MINEXTENTS 1 MAXEXTENTS 2147483645
  PCTINCREASE 0 FREELISTS 1 FREELIST GROUPS 1 BUFFER_POOL DEFAULT FLASH_CACHE DEFAULT CELL_FLASH_CACHE DEFAULT)
  TABLESPACE "USERS"  ENABLE;
--------------------------------------------------------
--  Constraints for Table TVOLUNTEER
--------------------------------------------------------

  ALTER TABLE "DBI259530"."TVOLUNTEER" ADD CONSTRAINT "CHK_TVOLUNTEER_RIJBEWIJS" CHECK (UPPER(Rijbewijs) in ('JA', 'NEE')) ENABLE;
 
  ALTER TABLE "DBI259530"."TVOLUNTEER" ADD PRIMARY KEY ("VOLUNTEERID")
  USING INDEX PCTFREE 10 INITRANS 2 MAXTRANS 255 COMPUTE STATISTICS 
  STORAGE(INITIAL 65536 NEXT 1048576 MINEXTENTS 1 MAXEXTENTS 2147483645
  PCTINCREASE 0 FREELISTS 1 FREELIST GROUPS 1 BUFFER_POOL DEFAULT FLASH_CACHE DEFAULT CELL_FLASH_CACHE DEFAULT)
  TABLESPACE "USERS"  ENABLE;
 
  ALTER TABLE "DBI259530"."TVOLUNTEER" MODIFY ("USERID" NOT NULL ENABLE);
--------------------------------------------------------
--  Ref Constraints for Table TAFSPRAAK
--------------------------------------------------------

  ALTER TABLE "DBI259530"."TAFSPRAAK" ADD CONSTRAINT "FK_TAFSPRAAK_CLIENT" FOREIGN KEY ("CLIENT")
	  REFERENCES "DBI259530"."TUSER" ("USERID") ON DELETE CASCADE ENABLE;
 
  ALTER TABLE "DBI259530"."TAFSPRAAK" ADD CONSTRAINT "FK_TAFSPRAAK_VOLUNTEER" FOREIGN KEY ("VOLUNTEER")
	  REFERENCES "DBI259530"."TUSER" ("USERID") ON DELETE CASCADE ENABLE;
--------------------------------------------------------
--  Ref Constraints for Table TANTWOORD
--------------------------------------------------------

  ALTER TABLE "DBI259530"."TANTWOORD" ADD CONSTRAINT "FK_TANTWOORD_VERVOERID" FOREIGN KEY ("VERVOERID")
	  REFERENCES "DBI259530"."TVERVOER" ("VERVOERID") ON DELETE CASCADE ENABLE;
--------------------------------------------------------
--  Ref Constraints for Table TCHATBERICHT
--------------------------------------------------------

  ALTER TABLE "DBI259530"."TCHATBERICHT" ADD CONSTRAINT "FK_TCHATBERICHT_AFZENDER" FOREIGN KEY ("AFZENDER")
	  REFERENCES "DBI259530"."TUSER" ("USERID") ENABLE;
 
  ALTER TABLE "DBI259530"."TCHATBERICHT" ADD FOREIGN KEY ("GESPREKID")
	  REFERENCES "DBI259530"."TGESPREK" ("GESPREKID") ENABLE;
--------------------------------------------------------
--  Ref Constraints for Table TCLIENT
--------------------------------------------------------

  ALTER TABLE "DBI259530"."TCLIENT" ADD CONSTRAINT "FK_TCLIENT_AFSPRAAKID" FOREIGN KEY ("AFSPRAAKID")
	  REFERENCES "DBI259530"."TAFSPRAAK" ("AFSPRAAKID") ENABLE;
 
  ALTER TABLE "DBI259530"."TCLIENT" ADD CONSTRAINT "FK_TCLIENT_GESPREKID" FOREIGN KEY ("GESPREKID")
	  REFERENCES "DBI259530"."TGESPREK" ("GESPREKID") ENABLE;
 
  ALTER TABLE "DBI259530"."TCLIENT" ADD CONSTRAINT "FK_TCLIENT_REVIEWID" FOREIGN KEY ("REVIEWID")
	  REFERENCES "DBI259530"."TREVIEW" ("REVIEWID") ENABLE;
--------------------------------------------------------
--  Ref Constraints for Table TGESPREK
--------------------------------------------------------

  ALTER TABLE "DBI259530"."TGESPREK" ADD CONSTRAINT "FK_TGESPREK_USERID1" FOREIGN KEY ("USERID1")
	  REFERENCES "DBI259530"."TUSER" ("USERID") ON DELETE CASCADE ENABLE;
 
  ALTER TABLE "DBI259530"."TGESPREK" ADD CONSTRAINT "FK_TGESPREK_USERID2" FOREIGN KEY ("USERID2")
	  REFERENCES "DBI259530"."TUSER" ("USERID") ON DELETE CASCADE ENABLE;
--------------------------------------------------------
--  Ref Constraints for Table TQUESTION
--------------------------------------------------------

  ALTER TABLE "DBI259530"."TQUESTION" ADD CONSTRAINT "FK_TUSER_QUESTIONID" FOREIGN KEY ("AUTEUR")
	  REFERENCES "DBI259530"."TUSER" ("USERID") ON DELETE CASCADE ENABLE;
 
  ALTER TABLE "DBI259530"."TQUESTION" ADD FOREIGN KEY ("VOLUNTEERID")
	  REFERENCES "DBI259530"."TUSER" ("USERID") ENABLE;
--------------------------------------------------------
--  Ref Constraints for Table TREVIEW
--------------------------------------------------------

  ALTER TABLE "DBI259530"."TREVIEW" ADD CONSTRAINT "FK_TREVIEW_CLIENT" FOREIGN KEY ("CLIENT")
	  REFERENCES "DBI259530"."TUSER" ("USERID") ON DELETE CASCADE ENABLE;
 
  ALTER TABLE "DBI259530"."TREVIEW" ADD CONSTRAINT "FK_TREVIEW_VOLUNTEER" FOREIGN KEY ("VOLUNTEER")
	  REFERENCES "DBI259530"."TUSER" ("USERID") ON DELETE CASCADE ENABLE;
--------------------------------------------------------
--  Ref Constraints for Table TROOSTER
--------------------------------------------------------

  ALTER TABLE "DBI259530"."TROOSTER" ADD CONSTRAINT "FK_TROOSTER_USERID" FOREIGN KEY ("USERID")
	  REFERENCES "DBI259530"."TUSER" ("USERID") ENABLE;
--------------------------------------------------------
--  Ref Constraints for Table TVOLUNTEER
--------------------------------------------------------

  ALTER TABLE "DBI259530"."TVOLUNTEER" ADD CONSTRAINT "FK_TVOLUNTEER_USERID" FOREIGN KEY ("USERID")
	  REFERENCES "DBI259530"."TUSER" ("USERID") ON DELETE CASCADE ENABLE;
--------------------------------------------------------
--  DDL for Trigger TRIGGER_ADMIN
--------------------------------------------------------

  CREATE OR REPLACE TRIGGER "DBI259530"."TRIGGER_ADMIN" 
	before insert on TADMIN
	for each row
	begin
	select seq_ADMIN.nextval into :new.AdminID from dual;
	end;
/
ALTER TRIGGER "DBI259530"."TRIGGER_ADMIN" ENABLE;
--------------------------------------------------------
--  DDL for Trigger TRIGGER_AFSPRAAK
--------------------------------------------------------

  CREATE OR REPLACE TRIGGER "DBI259530"."TRIGGER_AFSPRAAK" 
	before insert on TAFSPRAAK
	for each row
	begin
	select seq_AFSPRAAK.nextval into :new.AfspraakID from dual;
	end;
/
ALTER TRIGGER "DBI259530"."TRIGGER_AFSPRAAK" ENABLE;
--------------------------------------------------------
--  DDL for Trigger TRIGGER_ANTWOORD
--------------------------------------------------------

  CREATE OR REPLACE TRIGGER "DBI259530"."TRIGGER_ANTWOORD" 
	before insert on TANTWOORD
	for each row
	begin
	select seq_ANTWOORD.nextval into :new.AntwoordID from dual;
	end;
/
ALTER TRIGGER "DBI259530"."TRIGGER_ANTWOORD" ENABLE;
--------------------------------------------------------
--  DDL for Trigger TRIGGER_CHATBERICHT
--------------------------------------------------------

  CREATE OR REPLACE TRIGGER "DBI259530"."TRIGGER_CHATBERICHT" 
	before insert on TCHATBERICHT
	for each row
	begin
	select seq_CHATBERICHT.nextval into :new.BerichtID from dual;
	end;
/
ALTER TRIGGER "DBI259530"."TRIGGER_CHATBERICHT" ENABLE;
--------------------------------------------------------
--  DDL for Trigger TRIGGER_CLIENT
--------------------------------------------------------

  CREATE OR REPLACE TRIGGER "DBI259530"."TRIGGER_CLIENT" 
	before insert on TCLIENT
	for each row
	begin
	select seq_CLIENT.nextval into :new.ClientID from dual;
	end;
/
ALTER TRIGGER "DBI259530"."TRIGGER_CLIENT" ENABLE;
--------------------------------------------------------
--  DDL for Trigger TRIGGER_DAG
--------------------------------------------------------

  CREATE OR REPLACE TRIGGER "DBI259530"."TRIGGER_DAG" 
	before insert on TDAG
	for each row
	begin
	select seq_DAG.nextval into :new.DagID from dual;
	end;
/
ALTER TRIGGER "DBI259530"."TRIGGER_DAG" ENABLE;
--------------------------------------------------------
--  DDL for Trigger TRIGGER_GESPREK
--------------------------------------------------------

  CREATE OR REPLACE TRIGGER "DBI259530"."TRIGGER_GESPREK" 
	before insert on TGESPREK
	for each row
	begin
	select seq_Gesprek.nextval into :new.GesprekID from dual;
	end;
/
ALTER TRIGGER "DBI259530"."TRIGGER_GESPREK" ENABLE;
--------------------------------------------------------
--  DDL for Trigger TRIGGER_QUESTION
--------------------------------------------------------

  CREATE OR REPLACE TRIGGER "DBI259530"."TRIGGER_QUESTION" 
	before insert on TQUESTION
	for each row
	begin
	select seq_QUESTION.nextval into :new.QuestionID from dual;
	end;
/
ALTER TRIGGER "DBI259530"."TRIGGER_QUESTION" ENABLE;
--------------------------------------------------------
--  DDL for Trigger TRIGGER_REVIEW
--------------------------------------------------------

  CREATE OR REPLACE TRIGGER "DBI259530"."TRIGGER_REVIEW" 
	before insert on TREVIEW
	for each row
	begin
	select seq_REVIEW.nextval into :new.ReviewID from dual;
	end;
/
ALTER TRIGGER "DBI259530"."TRIGGER_REVIEW" ENABLE;
--------------------------------------------------------
--  DDL for Trigger TRIGGER_ROOSTER
--------------------------------------------------------

  CREATE OR REPLACE TRIGGER "DBI259530"."TRIGGER_ROOSTER" 
	before insert on TROOSTER
	for each row
	begin
	select seq_ROOSTER.nextval into :new.RoosterID from dual;
	end;
/
ALTER TRIGGER "DBI259530"."TRIGGER_ROOSTER" ENABLE;
--------------------------------------------------------
--  DDL for Trigger TRIGGER_USER
--------------------------------------------------------

  CREATE OR REPLACE TRIGGER "DBI259530"."TRIGGER_USER" 
	before insert on TUSER
	for each row
	begin
	select seq_USER.nextval into :new.USERID from dual;
	end;
/
ALTER TRIGGER "DBI259530"."TRIGGER_USER" ENABLE;
--------------------------------------------------------
--  DDL for Trigger TRIGGER_VERVOER
--------------------------------------------------------

  CREATE OR REPLACE TRIGGER "DBI259530"."TRIGGER_VERVOER" 
	before insert on TVERVOER
	for each row
	begin
	select seq_VERVOER.nextval into :new.VervoerID from dual;
	end;
/
ALTER TRIGGER "DBI259530"."TRIGGER_VERVOER" ENABLE;
--------------------------------------------------------
--  DDL for Trigger TRIGGER_VOLUNTEER
--------------------------------------------------------

  CREATE OR REPLACE TRIGGER "DBI259530"."TRIGGER_VOLUNTEER" 
	before insert on TVOLUNTEER
	for each row
	begin
	select seq_VOLUNTEER.nextval into :new.VolunteerID from dual;
	end;
/
ALTER TRIGGER "DBI259530"."TRIGGER_VOLUNTEER" ENABLE;
